event_time,event_type,product_id,category_id,category_code,brand,price,user_id,user_session
2019-10-13 11:26:00,view,100035,2003,apparel.shoes,orbit,201.29,500142,ae270da7-02f0-6b90-f143-262fdc5c0eed
2019-10-13 11:28:49,cart,100035,2003,apparel.shoes,orbit,201.29,500142,ae270da7-02f0-6b90-f143-262fdc5c0eed
2019-10-13 11:30:09,purchase,100035,2003,apparel.shoes,orbit,201.29,500142,ae270da7-02f0-6b90-f143-262fdc5c0eed
2019-10-29 18:59:00,view,100033,2001,home.furniture,prime,240.15,500117,e037e5ed-b8db-0672-f42d-47cc00d4af59
2019-10-29 19:00:21,view,100012,2004,appliances.kitchen,alpha,88.01,500117,e037e5ed-b8db-0672-f42d-47cc00d4af59
2019-10-29 19:02:35,view,100007,2007,home.furniture,nova,645.84,500117,e037e5ed-b8db-0672-f42d-47cc00d4af59
2019-10-29 19:03:19,cart,100007,2007,home.furniture,nova,645.84,500117,e037e5ed-b8db-0672-f42d-47cc00d4af59
2019-10-29 19:04:05,purchase,100007,2007,home.furniture,nova,645.84,500117,e037e5ed-b8db-0672-f42d-47cc00d4af59
2019-10-12 05:32:00,view,100002,2002,electronics.audio.headphone,nova,129.89,500136,52fbe43b-9954-6eb4-0025-7ad1eb2263dd
2019-10-12 05:32:19,cart,100002,2002,electronics.audio.headphone,nova,129.89,500136,52fbe43b-9954-6eb4-0025-7ad1eb2263dd
2019-10-12 05:34:49,remove_from_cart,100002,2002,electronics.audio.headphone,nova,129.89,500136,52fbe43b-9954-6eb4-0025-7ad1eb2263dd
2019-10-12 05:34:49,view,100008,2000,home.furniture,zen,202.29,500136,52fbe43b-9954-6eb4-0025-7ad1eb2263dd
2019-10-12 05:36:58,view,100024,2000,home.furniture,,224.11,500136,52fbe43b-9954-6eb4-0025-7ad1eb2263dd
2019-10-12 05:39:19,view,100020,2004,electronics.smartphone,zen,253.79,500136,52fbe43b-9954-6eb4-0025-7ad1eb2263dd
2019-10-19 11:48:00,view,100028,2004,appliances.kitchen,zen,244.63,500141,df57c59a-8715-a103-43da-c0432a45c2ab
2019-10-19 11:50:56,view,100014,2006,home.furniture,orbit,727.38,500141,df57c59a-8715-a103-43da-c0432a45c2ab
2019-10-19 11:52:53,view,100035,2003,apparel.shoes,orbit,201.29,500141,df57c59a-8715-a103-43da-c0432a45c2ab
2019-10-19 11:54:53,cart,100035,2003,apparel.shoes,orbit,201.29,500141,df57c59a-8715-a103-43da-c0432a45c2ab
2019-10-19 11:55:55,purchase,100035,2003,apparel.shoes,orbit,201.29,500141,df57c59a-8715-a103-43da-c0432a45c2ab
2019-10-19 11:55:55,view,100013,2005,electronics.smartphone,orbit,763.51,500141,df57c59a-8715-a103-43da-c0432a45c2ab
2019-10-19 11:56:05,view,100020,2004,electronics.smartphone,zen,253.79,500141,df57c59a-8715-a103-43da-c0432a45c2ab
2019-10-16 08:54:00,view,100005,2005,electronics.smartphone,alpha,88.86,500002,0f1259e0-a18f-f6b6-b535-106e122c9a56
2019-10-16 08:54:23,view,100003,2003,electronics.smartphone,,667.9,500002,0f1259e0-a18f-f6b6-b535-106e122c9a56
2019-10-05 15:01:00,view,100037,2005,electronics.smartphone,alpha,141.79,500055,ef7ddc76-b92d-a22b-21df-306f8a0b3c33
2019-10-05 15:01:29,view,100031,2007,apparel.shoes,,415.67,500055,ef7ddc76-b92d-a22b-21df-306f8a0b3c33
2019-10-05 15:03:04,cart,100031,2007,apparel.shoes,,415.67,500055,ef7ddc76-b92d-a22b-21df-306f8a0b3c33
2019-10-05 15:05:08,remove_from_cart,100031,2007,apparel.shoes,,415.67,500055,ef7ddc76-b92d-a22b-21df-306f8a0b3c33
2019-10-05 15:05:08,view,100016,2000,apparel.shoes,alpha,499.08,500055,ef7ddc76-b92d-a22b-21df-306f8a0b3c33
2019-10-05 15:08:00,view,100027,2003,electronics.smartphone,nova,740.51,500055,ef7ddc76-b92d-a22b-21df-306f8a0b3c33
2019-10-05 15:08:30,cart,100027,2003,electronics.smartphone,nova,740.51,500055,ef7ddc76-b92d-a22b-21df-306f8a0b3c33
2019-10-05 15:10:01,remove_from_cart,100027,2003,electronics.smartphone,nova,740.51,500055,ef7ddc76-b92d-a22b-21df-306f8a0b3c33
2019-10-05 15:10:01,view,100013,2005,electronics.smartphone,orbit,763.51,500055,ef7ddc76-b92d-a22b-21df-306f8a0b3c33
2019-10-05 15:10:55,cart,100013,2005,electronics.smartphone,orbit,763.51,500055,ef7ddc76-b92d-a22b-21df-306f8a0b3c33
2019-10-05 15:12:54,purchase,100013,2005,electronics.smartphone,orbit,763.51,500055,ef7ddc76-b92d-a22b-21df-306f8a0b3c33
2019-10-26 09:06:00,view,100029,2005,electronics.audio.headphone,prime,789.35,500047,dfde4fbf-3ff3-50bf-766e-cb15474ebc19
2019-10-26 09:06:30,cart,100029,2005,electronics.audio.headphone,prime,789.35,500047,dfde4fbf-3ff3-50bf-766e-cb15474ebc19
2019-10-08 19:49:00,view,100026,2002,home.furniture,nova,617.73,500061,7b3a4e3e-7c52-fa17-680a-c07a2a935d62
2019-10-08 19:50:42,cart,100026,2002,home.furniture,nova,617.73,500061,7b3a4e3e-7c52-fa17-680a-c07a2a935d62
2019-10-08 19:52:26,purchase,100026,2002,home.furniture,nova,617.73,500061,7b3a4e3e-7c52-fa17-680a-c07a2a935d62
2019-10-08 19:52:26,view,100004,2004,home.furniture,alpha,533.49,500061,7b3a4e3e-7c52-fa17-680a-c07a2a935d62
2019-10-08 19:54:27,cart,100004,2004,home.furniture,alpha,533.49,500061,7b3a4e3e-7c52-fa17-680a-c07a2a935d62
2019-10-24 05:14:00,view,100035,2003,apparel.shoes,orbit,201.29,500049,0ef8c2d6-f7fd-5646-37bb-3eec4bf50b52
2019-10-24 05:16:20,cart,100035,2003,apparel.shoes,orbit,201.29,500049,0ef8c2d6-f7fd-5646-37bb-3eec4bf50b52
2019-10-24 05:18:35,purchase,100035,2003,apparel.shoes,orbit,201.29,500049,0ef8c2d6-f7fd-5646-37bb-3eec4bf50b52
2019-10-24 05:18:35,view,100004,2004,home.furniture,alpha,533.49,500049,0ef8c2d6-f7fd-5646-37bb-3eec4bf50b52
2019-10-24 05:19:27,cart,100004,2004,home.furniture,alpha,533.49,500049,0ef8c2d6-f7fd-5646-37bb-3eec4bf50b52
2019-10-24 05:19:49,view,100021,2005,appliances.kitchen,nova,336.31,500049,0ef8c2d6-f7fd-5646-37bb-3eec4bf50b52
2019-10-24 05:20:24,view,100038,2006,electronics.audio.headphone,,382.83,500049,0ef8c2d6-f7fd-5646-37bb-3eec4bf50b52
2019-10-24 05:22:54,cart,100038,2006,electronics.audio.headphone,,382.83,500049,0ef8c2d6-f7fd-5646-37bb-3eec4bf50b52
2019-10-24 05:25:31,purchase,100038,2006,electronics.audio.headphone,,382.83,500049,0ef8c2d6-f7fd-5646-37bb-3eec4bf50b52
2019-10-24 05:25:31,view,100031,2007,apparel.shoes,,415.67,500049,0ef8c2d6-f7fd-5646-37bb-3eec4bf50b52
2019-10-24 05:25:56,cart,100031,2007,apparel.shoes,,415.67,500049,0ef8c2d6-f7fd-5646-37bb-3eec4bf50b52
2019-10-24 05:28:30,purchase,100031,2007,apparel.shoes,,415.67,500049,0ef8c2d6-f7fd-5646-37bb-3eec4bf50b52
2019-10-07 06:57:00,view,100016,2000,apparel.shoes,alpha,499.08,500081,ab73295b-344a-54b8-42c1-8a62ef48e8d5
2019-10-07 06:59:56,view,100017,2001,home.furniture,orbit,521.73,500081,ab73295b-344a-54b8-42c1-8a62ef48e8d5
2019-10-07 07:01:58,cart,100017,2001,home.furniture,orbit,521.73,500081,ab73295b-344a-54b8-42c1-8a62ef48e8d5
2019-10-07 07:02:21,purchase,100017,2001,home.furniture,orbit,521.73,500081,ab73295b-344a-54b8-42c1-8a62ef48e8d5
2019-10-07 07:02:21,view,100026,2002,home.furniture,nova,617.73,500081,ab73295b-344a-54b8-42c1-8a62ef48e8d5
2019-10-12 10:49:00,view,100009,2001,home.furniture,orbit,729.44,500026,8181a8cc-3691-47eb-89a2-688b12c136e0
2019-10-12 10:50:39,cart,100009,2001,home.furniture,orbit,729.44,500026,8181a8cc-3691-47eb-89a2-688b12c136e0
2019-10-12 10:52:36,view,100023,2007,electronics.smartphone,prime,573.31,500026,8181a8cc-3691-47eb-89a2-688b12c136e0
2019-10-12 10:55:17,view,100005,2005,electronics.smartphone,alpha,88.86,500026,8181a8cc-3691-47eb-89a2-688b12c136e0
2019-10-13 08:52:00,view,100009,2001,home.furniture,orbit,729.44,500171,ee87905e-4ca4-15ea-8dfa-6a56d12dbc9a
2019-10-30 04:45:00,view,100022,2006,electronics.audio.headphone,,243.95,500142,9ad620ab-4821-2ddb-45b8-9cd927cb6f2a
2019-10-30 04:46:12,view,100014,2006,home.furniture,orbit,727.38,500142,9ad620ab-4821-2ddb-45b8-9cd927cb6f2a
2019-10-07 06:53:00,view,100003,2003,electronics.smartphone,,667.9,500014,d450281c-6c6f-7633-a260-772317a0df49
2019-10-07 06:55:48,view,100001,2001,electronics.smartphone,alpha,668.69,500014,d450281c-6c6f-7633-a260-772317a0df49
2019-10-07 06:56:34,view,100022,2006,electronics.audio.headphone,,243.95,500014,d450281c-6c6f-7633-a260-772317a0df49
2019-10-18 03:16:00,view,100035,2003,apparel.shoes,orbit,201.29,500144,f1eedba3-1343-2e61-1ca3-c4480279b6a6
2019-10-18 03:18:34,view,100003,2003,electronics.smartphone,,667.9,500144,f1eedba3-1343-2e61-1ca3-c4480279b6a6
2019-10-18 03:20:29,cart,100003,2003,electronics.smartphone,,667.9,500144,f1eedba3-1343-2e61-1ca3-c4480279b6a6
2019-10-18 03:21:52,purchase,100003,2003,electronics.smartphone,,667.9,500144,f1eedba3-1343-2e61-1ca3-c4480279b6a6
2019-10-26 19:32:00,view,100007,2007,home.furniture,nova,645.84,500011,ae9bec36-35c7-936c-5b99-62c6e61fecc0
2019-10-26 19:33:49,view,100023,2007,electronics.smartphone,prime,573.31,500011,ae9bec36-35c7-936c-5b99-62c6e61fecc0
2019-10-09 11:54:00,view,100027,2003,electronics.smartphone,nova,740.51,500061,ccc56569-f9e8-a369-2999-b735dd56cc94
2019-10-09 11:55:30,view,100002,2002,electronics.audio.headphone,nova,129.89,500061,ccc56569-f9e8-a369-2999-b735dd56cc94
2019-10-03 02:17:00,view,100025,2001,apparel.shoes,zen,246.6,500064,b386f7a4-c991-603f-28c1-3091444d610b
2019-10-03 02:19:05,cart,100025,2001,apparel.shoes,zen,246.6,500064,b386f7a4-c991-603f-28c1-3091444d610b
2019-10-03 02:21:07,purchase,100025,2001,apparel.shoes,zen,246.6,500064,b386f7a4-c991-603f-28c1-3091444d610b
2019-10-30 12:40:00,view,100022,2006,electronics.audio.headphone,,243.95,500059,3170f437-a8f7-ef5a-060e-df5b39118497
2019-10-30 12:42:15,cart,100022,2006,electronics.audio.headphone,,243.95,500059,3170f437-a8f7-ef5a-060e-df5b39118497
2019-10-30 12:44:37,purchase,100022,2006,electronics.audio.headphone,,243.95,500059,3170f437-a8f7-ef5a-060e-df5b39118497
2019-10-30 12:44:37,view,100018,2002,electronics.smartphone,alpha,596.83,500059,3170f437-a8f7-ef5a-060e-df5b39118497
2019-10-30 12:44:49,cart,100018,2002,electronics.smartphone,alpha,596.83,500059,3170f437-a8f7-ef5a-060e-df5b39118497
2019-10-30 12:46:00,purchase,100018,2002,electronics.smartphone,alpha,596.83,500059,3170f437-a8f7-ef5a-060e-df5b39118497
2019-10-30 12:46:00,view,100005,2005,electronics.smartphone,alpha,88.86,500059,3170f437-a8f7-ef5a-060e-df5b39118497
2019-10-30 12:47:12,cart,100005,2005,electronics.smartphone,alpha,88.86,500059,3170f437-a8f7-ef5a-060e-df5b39118497
2019-10-30 12:49:49,purchase,100005,2005,electronics.smartphone,alpha,88.86,500059,3170f437-a8f7-ef5a-060e-df5b39118497
2019-10-30 12:49:49,view,100023,2007,electronics.smartphone,prime,573.31,500059,3170f437-a8f7-ef5a-060e-df5b39118497
2019-10-30 12:51:14,cart,100023,2007,electronics.smartphone,prime,573.31,500059,3170f437-a8f7-ef5a-060e-df5b39118497
2019-10-30 12:53:29,purchase,100023,2007,electronics.smartphone,prime,573.31,500059,3170f437-a8f7-ef5a-060e-df5b39118497
2019-10-17 21:49:00,view,100001,2001,electronics.smartphone,alpha,668.69,500148,b572f3d0-0b5c-ea6a-4135-7e8c30a900ad
2019-10-17 21:50:55,cart,100001,2001,electronics.smartphone,alpha,668.69,500148,b572f3d0-0b5c-ea6a-4135-7e8c30a900ad
2019-10-17 21:53:50,view,100034,2002,home.furniture,zen,808.55,500148,b572f3d0-0b5c-ea6a-4135-7e8c30a900ad
2019-10-17 21:56:44,view,100035,2003,apparel.shoes,orbit,201.29,500148,b572f3d0-0b5c-ea6a-4135-7e8c30a900ad
2019-10-17 21:58:05,view,100013,2005,electronics.smartphone,orbit,763.51,500148,b572f3d0-0b5c-ea6a-4135-7e8c30a900ad
2019-10-17 22:01:00,cart,100013,2005,electronics.smartphone,orbit,763.51,500148,b572f3d0-0b5c-ea6a-4135-7e8c30a900ad
2019-10-15 00:43:00,view,100040,2000,apparel.shoes,prime,230.02,500050,610faa3f-f0bb-ac67-aa38-d0a16ba25efe
2019-10-15 00:44:48,view,100037,2005,electronics.smartphone,alpha,141.79,500050,610faa3f-f0bb-ac67-aa38-d0a16ba25efe
2019-10-15 00:44:53,cart,100037,2005,electronics.smartphone,alpha,141.79,500050,610faa3f-f0bb-ac67-aa38-d0a16ba25efe
2019-10-15 00:45:51,purchase,100037,2005,electronics.smartphone,alpha,141.79,500050,610faa3f-f0bb-ac67-aa38-d0a16ba25efe
2019-10-09 01:20:00,view,100029,2005,electronics.audio.headphone,prime,789.35,500149,77097749-527e-ecfa-a79a-c9aa9b4e2c24
2019-10-09 01:22:53,cart,100029,2005,electronics.audio.headphone,prime,789.35,500149,77097749-527e-ecfa-a79a-c9aa9b4e2c24
2019-10-09 01:25:09,view,100014,2006,home.furniture,orbit,727.38,500149,77097749-527e-ecfa-a79a-c9aa9b4e2c24
2019-10-09 01:25:37,view,100033,2001,home.furniture,prime,240.15,500149,77097749-527e-ecfa-a79a-c9aa9b4e2c24
2019-10-09 01:26:42,view,100031,2007,apparel.shoes,,415.67,500149,77097749-527e-ecfa-a79a-c9aa9b4e2c24
2019-10-29 23:52:00,view,100040,2000,apparel.shoes,prime,230.02,500038,fbe33b24-3eae-0032-0bd4-a9900640be0f
2019-10-29 23:54:32,cart,100040,2000,apparel.shoes,prime,230.02,500038,fbe33b24-3eae-0032-0bd4-a9900640be0f
2019-10-29 23:56:15,purchase,100040,2000,apparel.shoes,prime,230.02,500038,fbe33b24-3eae-0032-0bd4-a9900640be0f
2019-10-29 23:56:15,view,100005,2005,electronics.smartphone,alpha,88.86,500038,fbe33b24-3eae-0032-0bd4-a9900640be0f
2019-10-29 23:57:22,cart,100005,2005,electronics.smartphone,alpha,88.86,500038,fbe33b24-3eae-0032-0bd4-a9900640be0f
2019-10-29 23:57:28,view,100030,2006,appliances.kitchen,nova,591.62,500038,fbe33b24-3eae-0032-0bd4-a9900640be0f
2019-10-29 23:58:00,view,100027,2003,electronics.smartphone,nova,740.51,500038,fbe33b24-3eae-0032-0bd4-a9900640be0f
2019-10-29 23:59:01,cart,100027,2003,electronics.smartphone,nova,740.51,500038,fbe33b24-3eae-0032-0bd4-a9900640be0f
2019-10-30 00:01:18,purchase,100027,2003,electronics.smartphone,nova,740.51,500038,fbe33b24-3eae-0032-0bd4-a9900640be0f
2019-10-28 10:23:00,view,100009,2001,home.furniture,orbit,729.44,500143,1f115b76-d92c-9227-eadf-50853fcb7546
2019-10-28 10:24:26,view,100030,2006,appliances.kitchen,nova,591.62,500143,1f115b76-d92c-9227-eadf-50853fcb7546
2019-10-28 10:26:24,view,100034,2002,home.furniture,zen,808.55,500143,1f115b76-d92c-9227-eadf-50853fcb7546
2019-10-28 10:28:38,cart,100034,2002,home.furniture,zen,808.55,500143,1f115b76-d92c-9227-eadf-50853fcb7546
2019-10-28 10:31:03,purchase,100034,2002,home.furniture,zen,808.55,500143,1f115b76-d92c-9227-eadf-50853fcb7546
2019-10-28 10:31:03,view,100036,2004,electronics.audio.headphone,prime,446.7,500143,1f115b76-d92c-9227-eadf-50853fcb7546
2019-10-13 19:56:00,view,100034,2002,home.furniture,zen,808.55,500122,3f4b1a70-c074-718e-425a-609f7337c599
2019-10-13 19:57:57,cart,100034,2002,home.furniture,zen,808.55,500122,3f4b1a70-c074-718e-425a-609f7337c599
2019-10-13 19:59:15,purchase,100034,2002,home.furniture,zen,808.55,500122,3f4b1a70-c074-718e-425a-609f7337c599
2019-10-13 19:59:15,view,100032,2000,appliances.kitchen,nova,225.73,500122,3f4b1a70-c074-718e-425a-609f7337c599
2019-10-13 20:00:45,cart,100032,2000,appliances.kitchen,nova,225.73,500122,3f4b1a70-c074-718e-425a-609f7337c599
2019-10-13 20:03:08,purchase,100032,2000,appliances.kitchen,nova,225.73,500122,3f4b1a70-c074-718e-425a-609f7337c599
2019-10-13 20:03:08,view,100016,2000,apparel.shoes,alpha,499.08,500122,3f4b1a70-c074-718e-425a-609f7337c599
2019-10-13 20:03:51,cart,100016,2000,apparel.shoes,alpha,499.08,500122,3f4b1a70-c074-718e-425a-609f7337c599
2019-10-13 20:04:35,remove_from_cart,100016,2000,apparel.shoes,alpha,499.08,500122,3f4b1a70-c074-718e-425a-609f7337c599
2019-10-20 10:54:00,view,100014,2006,home.furniture,orbit,727.38,500105,6a702e2f-7746-d0ba-8ae8-905b54b4a482
2019-10-19 01:58:00,view,100025,2001,apparel.shoes,zen,246.6,500150,db52ca58-0500-0bc6-b20d-cb6ef2311f17
2019-10-19 01:59:52,view,100031,2007,apparel.shoes,,415.67,500150,db52ca58-0500-0bc6-b20d-cb6ef2311f17
2019-10-19 02:02:16,view,100001,2001,electronics.smartphone,alpha,668.69,500150,db52ca58-0500-0bc6-b20d-cb6ef2311f17
2019-10-19 02:03:17,view,100023,2007,electronics.smartphone,prime,573.31,500150,db52ca58-0500-0bc6-b20d-cb6ef2311f17
2019-10-19 02:04:31,cart,100023,2007,electronics.smartphone,prime,573.31,500150,db52ca58-0500-0bc6-b20d-cb6ef2311f17
2019-10-19 02:04:43,purchase,100023,2007,electronics.smartphone,prime,573.31,500150,db52ca58-0500-0bc6-b20d-cb6ef2311f17
2019-10-19 02:04:43,view,100020,2004,electronics.smartphone,zen,253.79,500150,db52ca58-0500-0bc6-b20d-cb6ef2311f17
2019-10-02 13:27:00,view,100040,2000,apparel.shoes,prime,230.02,500104,77a6e17c-d72b-6108-2a40-5f12b963f37f
2019-10-02 13:28:45,view,100035,2003,apparel.shoes,orbit,201.29,500104,77a6e17c-d72b-6108-2a40-5f12b963f37f
2019-10-02 13:31:39,cart,100035,2003,apparel.shoes,orbit,201.29,500104,77a6e17c-d72b-6108-2a40-5f12b963f37f
2019-10-02 13:34:28,purchase,100035,2003,apparel.shoes,orbit,201.29,500104,77a6e17c-d72b-6108-2a40-5f12b963f37f
2019-10-16 16:38:00,view,100014,2006,home.furniture,orbit,727.38,500119,610cf373-4299-9aa4-0cdf-742b2e85cb21
2019-10-16 16:39:42,cart,100014,2006,home.furniture,orbit,727.38,500119,610cf373-4299-9aa4-0cdf-742b2e85cb21
2019-10-16 16:41:34,purchase,100014,2006,home.furniture,orbit,727.38,500119,610cf373-4299-9aa4-0cdf-742b2e85cb21
2019-10-16 16:41:34,view,100030,2006,appliances.kitchen,nova,591.62,500119,610cf373-4299-9aa4-0cdf-742b2e85cb21
2019-10-16 16:41:59,cart,100030,2006,appliances.kitchen,nova,591.62,500119,610cf373-4299-9aa4-0cdf-742b2e85cb21
2019-10-16 16:44:22,purchase,100030,2006,appliances.kitchen,nova,591.62,500119,610cf373-4299-9aa4-0cdf-742b2e85cb21
2019-10-16 16:44:22,view,100021,2005,appliances.kitchen,nova,336.31,500119,610cf373-4299-9aa4-0cdf-742b2e85cb21
2019-10-16 16:45:56,cart,100021,2005,appliances.kitchen,nova,336.31,500119,610cf373-4299-9aa4-0cdf-742b2e85cb21
2019-10-08 06:26:00,view,100040,2000,apparel.shoes,prime,230.02,500008,d6d7b3b8-3309-4d35-3f4d-f561f319c125
2019-10-08 06:27:06,cart,100040,2000,apparel.shoes,prime,230.02,500008,d6d7b3b8-3309-4d35-3f4d-f561f319c125
2019-10-08 06:30:02,purchase,100040,2000,apparel.shoes,prime,230.02,500008,d6d7b3b8-3309-4d35-3f4d-f561f319c125
2019-10-08 18:52:00,view,100011,2003,appliances.kitchen,orbit,144.15,500056,c4536f1d-4199-2fdf-b310-22f0770c7798
2019-10-08 18:53:24,cart,100011,2003,appliances.kitchen,orbit,144.15,500056,c4536f1d-4199-2fdf-b310-22f0770c7798
2019-10-08 18:53:35,view,100039,2007,electronics.smartphone,zen,346.55,500056,c4536f1d-4199-2fdf-b310-22f0770c7798
2019-10-08 18:55:16,cart,100039,2007,electronics.smartphone,zen,346.55,500056,c4536f1d-4199-2fdf-b310-22f0770c7798
2019-10-08 18:56:11,purchase,100039,2007,electronics.smartphone,zen,346.55,500056,c4536f1d-4199-2fdf-b310-22f0770c7798
2019-10-08 18:56:11,view,100008,2000,home.furniture,zen,202.29,500056,c4536f1d-4199-2fdf-b310-22f0770c7798
2019-10-08 18:58:56,cart,100008,2000,home.furniture,zen,202.29,500056,c4536f1d-4199-2fdf-b310-22f0770c7798
2019-10-25 13:53:00,view,100023,2007,electronics.smartphone,prime,573.31,500031,c85aca46-90e0-f4a0-fbdd-3933cbd58bf6
2019-10-30 06:13:00,view,100032,2000,appliances.kitchen,nova,225.73,500018,033d2bce-575a-ed2c-a5c5-650c8186a576
2019-10-30 06:15:02,view,100007,2007,home.furniture,nova,645.84,500018,033d2bce-575a-ed2c-a5c5-650c8186a576
2019-10-30 06:16:58,cart,100007,2007,home.furniture,nova,645.84,500018,033d2bce-575a-ed2c-a5c5-650c8186a576
2019-10-30 06:19:16,view,100028,2004,appliances.kitchen,zen,244.63,500018,033d2bce-575a-ed2c-a5c5-650c8186a576
2019-10-30 06:21:38,view,100024,2000,home.furniture,,224.11,500018,033d2bce-575a-ed2c-a5c5-650c8186a576
2019-10-30 06:23:42,cart,100024,2000,home.furniture,,224.11,500018,033d2bce-575a-ed2c-a5c5-650c8186a576
2019-10-30 06:26:18,purchase,100024,2000,home.furniture,,224.11,500018,033d2bce-575a-ed2c-a5c5-650c8186a576
2019-10-18 13:57:00,view,100016,2000,apparel.shoes,alpha,499.08,500063,4767d76c-162f-8a24-ef43-613cd4aac9a3
2019-10-18 13:58:31,cart,100016,2000,apparel.shoes,alpha,499.08,500063,4767d76c-162f-8a24-ef43-613cd4aac9a3
2019-10-18 13:59:59,purchase,100016,2000,apparel.shoes,alpha,499.08,500063,4767d76c-162f-8a24-ef43-613cd4aac9a3
2019-10-18 13:59:59,view,100030,2006,appliances.kitchen,nova,591.62,500063,4767d76c-162f-8a24-ef43-613cd4aac9a3
2019-10-18 14:00:58,cart,100030,2006,appliances.kitchen,nova,591.62,500063,4767d76c-162f-8a24-ef43-613cd4aac9a3
2019-10-18 14:02:09,purchase,100030,2006,appliances.kitchen,nova,591.62,500063,4767d76c-162f-8a24-ef43-613cd4aac9a3
2019-10-18 14:02:09,view,100037,2005,electronics.smartphone,alpha,141.79,500063,4767d76c-162f-8a24-ef43-613cd4aac9a3
2019-10-18 14:04:46,view,100040,2000,apparel.shoes,prime,230.02,500063,4767d76c-162f-8a24-ef43-613cd4aac9a3
2019-10-30 17:29:00,view,100032,2000,appliances.kitchen,nova,225.73,500133,3dc98290-15ea-bb27-30e9-12f2f2b43abf
2019-10-30 17:31:10,cart,100032,2000,appliances.kitchen,nova,225.73,500133,3dc98290-15ea-bb27-30e9-12f2f2b43abf
2019-10-30 17:31:19,purchase,100032,2000,appliances.kitchen,nova,225.73,500133,3dc98290-15ea-bb27-30e9-12f2f2b43abf
2019-10-30 17:31:19,view,100036,2004,electronics.audio.headphone,prime,446.7,500133,3dc98290-15ea-bb27-30e9-12f2f2b43abf
2019-10-30 17:32:20,cart,100036,2004,electronics.audio.headphone,prime,446.7,500133,3dc98290-15ea-bb27-30e9-12f2f2b43abf
2019-10-30 17:33:27,purchase,100036,2004,electronics.audio.headphone,prime,446.7,500133,3dc98290-15ea-bb27-30e9-12f2f2b43abf
2019-10-30 17:33:27,view,100016,2000,apparel.shoes,alpha,499.08,500133,3dc98290-15ea-bb27-30e9-12f2f2b43abf
2019-10-30 17:36:00,cart,100016,2000,apparel.shoes,alpha,499.08,500133,3dc98290-15ea-bb27-30e9-12f2f2b43abf
2019-10-30 17:38:26,purchase,100016,2000,apparel.shoes,alpha,499.08,500133,3dc98290-15ea-bb27-30e9-12f2f2b43abf
2019-10-30 17:38:26,view,100031,2007,apparel.shoes,,415.67,500133,3dc98290-15ea-bb27-30e9-12f2f2b43abf
2019-10-06 19:47:00,view,100020,2004,electronics.smartphone,zen,253.79,500141,7428a656-b3ee-4d3b-5a10-412954aebd1b
2019-10-06 19:47:54,cart,100020,2004,electronics.smartphone,zen,253.79,500141,7428a656-b3ee-4d3b-5a10-412954aebd1b
2019-10-06 19:50:16,view,100017,2001,home.furniture,orbit,521.73,500141,7428a656-b3ee-4d3b-5a10-412954aebd1b
2019-10-06 19:51:10,cart,100017,2001,home.furniture,orbit,521.73,500141,7428a656-b3ee-4d3b-5a10-412954aebd1b
2019-10-06 19:53:18,purchase,100017,2001,home.furniture,orbit,521.73,500141,7428a656-b3ee-4d3b-5a10-412954aebd1b
2019-10-06 19:53:18,view,100015,2007,apparel.shoes,prime,116.72,500141,7428a656-b3ee-4d3b-5a10-412954aebd1b
2019-10-17 18:10:00,view,100019,2003,appliances.kitchen,alpha,770.51,500135,19bc143e-fb02-bebb-4872-9a4d98c7472a
2019-10-17 18:10:50,cart,100019,2003,appliances.kitchen,alpha,770.51,500135,19bc143e-fb02-bebb-4872-9a4d98c7472a
2019-10-17 18:13:11,purchase,100019,2003,appliances.kitchen,alpha,770.51,500135,19bc143e-fb02-bebb-4872-9a4d98c7472a
2019-10-17 18:13:11,view,100015,2007,apparel.shoes,prime,116.72,500135,19bc143e-fb02-bebb-4872-9a4d98c7472a
2019-10-22 16:42:00,view,100007,2007,home.furniture,nova,645.84,500142,2053da42-f1af-db65-b289-f2244ac9778d
2019-10-22 16:44:07,cart,100007,2007,home.furniture,nova,645.84,500142,2053da42-f1af-db65-b289-f2244ac9778d
2019-10-22 16:44:59,view,100001,2001,electronics.smartphone,alpha,668.69,500142,2053da42-f1af-db65-b289-f2244ac9778d
2019-10-22 16:47:06,cart,100001,2001,electronics.smartphone,alpha,668.69,500142,2053da42-f1af-db65-b289-f2244ac9778d
2019-10-22 16:47:27,purchase,100001,2001,electronics.smartphone,alpha,668.69,500142,2053da42-f1af-db65-b289-f2244ac9778d
2019-10-22 16:47:27,view,100037,2005,electronics.smartphone,alpha,141.79,500142,2053da42-f1af-db65-b289-f2244ac9778d
2019-10-22 16:47:50,view,100019,2003,appliances.kitchen,alpha,770.51,500142,2053da42-f1af-db65-b289-f2244ac9778d
2019-10-22 16:50:50,cart,100019,2003,appliances.kitchen,alpha,770.51,500142,2053da42-f1af-db65-b289-f2244ac9778d
2019-10-18 15:28:00,view,100039,2007,electronics.smartphone,zen,346.55,500022,8edddfcd-1e52-d770-3f89-7142fe716b14
2019-10-18 15:30:00,view,100040,2000,apparel.shoes,prime,230.02,500022,8edddfcd-1e52-d770-3f89-7142fe716b14
2019-10-18 15:31:21,view,100015,2007,apparel.shoes,prime,116.72,500022,8edddfcd-1e52-d770-3f89-7142fe716b14
2019-10-18 15:33:15,cart,100015,2007,apparel.shoes,prime,116.72,500022,8edddfcd-1e52-d770-3f89-7142fe716b14
2019-10-18 15:35:58,purchase,100015,2007,apparel.shoes,prime,116.72,500022,8edddfcd-1e52-d770-3f89-7142fe716b14
2019-10-18 15:35:58,view,100034,2002,home.furniture,zen,808.55,500022,8edddfcd-1e52-d770-3f89-7142fe716b14
2019-10-12 05:59:00,view,100011,2003,appliances.kitchen,orbit,144.15,500054,a911d192-43bf-d931-3605-bf54a021c0ca
2019-10-04 13:44:00,view,100031,2007,apparel.shoes,,415.67,500041,b07aa066-7354-35ea-6894-9b8d00af5b3a
2019-10-04 13:47:00,cart,100031,2007,apparel.shoes,,415.67,500041,b07aa066-7354-35ea-6894-9b8d00af5b3a
2019-10-04 13:48:12,view,100019,2003,appliances.kitchen,alpha,770.51,500041,b07aa066-7354-35ea-6894-9b8d00af5b3a
2019-10-04 13:51:06,view,100003,2003,electronics.smartphone,,667.9,500041,b07aa066-7354-35ea-6894-9b8d00af5b3a
2019-10-04 13:52:01,cart,100003,2003,electronics.smartphone,,667.9,500041,b07aa066-7354-35ea-6894-9b8d00af5b3a
2019-10-04 13:54:25,purchase,100003,2003,electronics.smartphone,,667.9,500041,b07aa066-7354-35ea-6894-9b8d00af5b3a
2019-10-04 13:54:25,view,100015,2007,apparel.shoes,prime,116.72,500041,b07aa066-7354-35ea-6894-9b8d00af5b3a
2019-10-04 13:55:08,view,100030,2006,appliances.kitchen,nova,591.62,500041,b07aa066-7354-35ea-6894-9b8d00af5b3a
2019-10-04 13:55:49,cart,100030,2006,appliances.kitchen,nova,591.62,500041,b07aa066-7354-35ea-6894-9b8d00af5b3a
2019-10-25 21:48:00,view,100020,2004,electronics.smartphone,zen,253.79,500146,1fd5a423-706c-5c56-49e2-623debd34616
2019-10-25 21:50:11,cart,100020,2004,electronics.smartphone,zen,253.79,500146,1fd5a423-706c-5c56-49e2-623debd34616
2019-10-25 21:52:49,purchase,100020,2004,electronics.smartphone,zen,253.79,500146,1fd5a423-706c-5c56-49e2-623debd34616
2019-10-25 21:52:49,view,100026,2002,home.furniture,nova,617.73,500146,1fd5a423-706c-5c56-49e2-623debd34616
2019-10-25 21:54:44,view,100018,2002,electronics.smartphone,alpha,596.83,500146,1fd5a423-706c-5c56-49e2-623debd34616
2019-10-25 21:57:23,cart,100018,2002,electronics.smartphone,alpha,596.83,500146,1fd5a423-706c-5c56-49e2-623debd34616
2019-10-25 21:57:51,purchase,100018,2002,electronics.smartphone,alpha,596.83,500146,1fd5a423-706c-5c56-49e2-623debd34616
2019-10-25 21:57:51,view,100033,2001,home.furniture,prime,240.15,500146,1fd5a423-706c-5c56-49e2-623debd34616
2019-10-22 17:54:00,view,100037,2005,electronics.smartphone,alpha,141.79,500148,ffe3fa49-054f-92ff-f366-bad4964db03f
2019-10-22 17:56:17,view,100003,2003,electronics.smartphone,,667.9,500148,ffe3fa49-054f-92ff-f366-bad4964db03f
2019-10-22 17:57:33,cart,100003,2003,electronics.smartphone,,667.9,500148,ffe3fa49-054f-92ff-f366-bad4964db03f
2019-10-22 18:00:07,purchase,100003,2003,electronics.smartphone,,667.9,500148,ffe3fa49-054f-92ff-f366-bad4964db03f
2019-10-22 18:00:07,view,100012,2004,appliances.kitchen,alpha,88.01,500148,ffe3fa49-054f-92ff-f366-bad4964db03f
2019-10-16 08:14:00,view,100011,2003,appliances.kitchen,orbit,144.15,500121,5230dfbd-5553-b2fe-6889-803e5913f9d3
2019-10-16 01:06:00,view,100003,2003,electronics.smartphone,,667.9,500074,d045dd1c-6684-09e3-f1f8-343ea99f1318
2019-10-16 01:06:34,view,100030,2006,appliances.kitchen,nova,591.62,500074,d045dd1c-6684-09e3-f1f8-343ea99f1318
2019-10-16 01:08:22,view,100006,2006,electronics.audio.headphone,prime,543.81,500074,d045dd1c-6684-09e3-f1f8-343ea99f1318
2019-10-16 01:08:27,view,100021,2005,appliances.kitchen,nova,336.31,500074,d045dd1c-6684-09e3-f1f8-343ea99f1318
2019-10-16 01:10:50,cart,100021,2005,appliances.kitchen,nova,336.31,500074,d045dd1c-6684-09e3-f1f8-343ea99f1318
2019-10-16 01:11:08,purchase,100021,2005,appliances.kitchen,nova,336.31,500074,d045dd1c-6684-09e3-f1f8-343ea99f1318
2019-10-16 01:11:08,view,100017,2001,home.furniture,orbit,521.73,500074,d045dd1c-6684-09e3-f1f8-343ea99f1318
2019-10-07 07:06:00,view,100018,2002,electronics.smartphone,alpha,596.83,500128,0d366dfc-c28e-bd70-7129-9889a01ac992
2019-10-07 07:07:18,cart,100018,2002,electronics.smartphone,alpha,596.83,500128,0d366dfc-c28e-bd70-7129-9889a01ac992
2019-10-07 07:09:27,purchase,100018,2002,electronics.smartphone,alpha,596.83,500128,0d366dfc-c28e-bd70-7129-9889a01ac992
2019-10-07 07:09:27,view,100036,2004,electronics.audio.headphone,prime,446.7,500128,0d366dfc-c28e-bd70-7129-9889a01ac992
2019-10-19 21:38:00,view,100036,2004,electronics.audio.headphone,prime,446.7,500062,8d03c91e-4f8d-5238-288b-78b5b5b453ca
2019-10-19 21:38:28,cart,100036,2004,electronics.audio.headphone,prime,446.7,500062,8d03c91e-4f8d-5238-288b-78b5b5b453ca
2019-10-19 21:39:02,purchase,100036,2004,electronics.audio.headphone,prime,446.7,500062,8d03c91e-4f8d-5238-288b-78b5b5b453ca
2019-10-23 07:01:00,view,100033,2001,home.furniture,prime,240.15,500031,7f95897c-276a-a6ce-d507-55d9a5d04d53
2019-10-23 07:03:05,cart,100033,2001,home.furniture,prime,240.15,500031,7f95897c-276a-a6ce-d507-55d9a5d04d53
2019-10-23 07:05:31,purchase,100033,2001,home.furniture,prime,240.15,500031,7f95897c-276a-a6ce-d507-55d9a5d04d53
2019-10-23 07:05:31,view,100018,2002,electronics.smartphone,alpha,596.83,500031,7f95897c-276a-a6ce-d507-55d9a5d04d53
2019-10-23 07:06:24,view,100027,2003,electronics.smartphone,nova,740.51,500031,7f95897c-276a-a6ce-d507-55d9a5d04d53
2019-10-14 04:56:00,view,100022,2006,electronics.audio.headphone,,243.95,500035,c5ce099c-46b8-2659-11df-12d7dd30de89
2019-10-14 04:57:21,view,100033,2001,home.furniture,prime,240.15,500035,c5ce099c-46b8-2659-11df-12d7dd30de89
2019-10-14 04:59:54,view,100018,2002,electronics.smartphone,alpha,596.83,500035,c5ce099c-46b8-2659-11df-12d7dd30de89
2019-10-14 05:02:04,view,100001,2001,electronics.smartphone,alpha,668.69,500035,c5ce099c-46b8-2659-11df-12d7dd30de89
2019-10-27 08:33:00,view,100030,2006,appliances.kitchen,nova,591.62,500089,8b1e3b9d-c34b-9fbb-8d4a-75b8551ac8ea
2019-10-27 08:34:43,cart,100030,2006,appliances.kitchen,nova,591.62,500089,8b1e3b9d-c34b-9fbb-8d4a-75b8551ac8ea
2019-10-27 08:36:33,purchase,100030,2006,appliances.kitchen,nova,591.62,500089,8b1e3b9d-c34b-9fbb-8d4a-75b8551ac8ea
2019-10-27 08:36:33,view,100021,2005,appliances.kitchen,nova,336.31,500089,8b1e3b9d-c34b-9fbb-8d4a-75b8551ac8ea
2019-10-27 08:38:39,view,100013,2005,electronics.smartphone,orbit,763.51,500089,8b1e3b9d-c34b-9fbb-8d4a-75b8551ac8ea
2019-10-27 08:40:21,cart,100013,2005,electronics.smartphone,orbit,763.51,500089,8b1e3b9d-c34b-9fbb-8d4a-75b8551ac8ea
2019-10-27 08:43:15,view,100016,2000,apparel.shoes,alpha,499.08,500089,8b1e3b9d-c34b-9fbb-8d4a-75b8551ac8ea
2019-10-22 03:05:00,view,100007,2007,home.furniture,nova,645.84,500010,9716108e-f721-69bb-8096-27182051acef
2019-10-22 03:05:08,view,100029,2005,electronics.audio.headphone,prime,789.35,500010,9716108e-f721-69bb-8096-27182051acef
2019-10-22 03:06:57,view,100034,2002,home.furniture,zen,808.55,500010,9716108e-f721-69bb-8096-27182051acef
2019-10-22 03:07:41,cart,100034,2002,home.furniture,zen,808.55,500010,9716108e-f721-69bb-8096-27182051acef
2019-10-22 03:08:53,purchase,100034,2002,home.furniture,zen,808.55,500010,9716108e-f721-69bb-8096-27182051acef
2019-10-29 20:37:00,view,100035,2003,apparel.shoes,orbit,201.29,500178,da0d4a5f-148f-8b74-a65b-b1f265c17795
2019-10-29 20:39:09,view,100025,2001,apparel.shoes,zen,246.6,500178,da0d4a5f-148f-8b74-a65b-b1f265c17795
2019-10-29 20:39:23,view,100021,2005,appliances.kitchen,nova,336.31,500178,da0d4a5f-148f-8b74-a65b-b1f265c17795
2019-10-02 15:37:00,view,100007,2007,home.furniture,nova,645.84,500074,1723199d-bf2c-14a0-3a3c-8a71ff574e2b
2019-10-02 15:37:16,cart,100007,2007,home.furniture,nova,645.84,500074,1723199d-bf2c-14a0-3a3c-8a71ff574e2b
2019-10-02 15:37:35,purchase,100007,2007,home.furniture,nova,645.84,500074,1723199d-bf2c-14a0-3a3c-8a71ff574e2b
2019-10-02 15:37:35,view,100029,2005,electronics.audio.headphone,prime,789.35,500074,1723199d-bf2c-14a0-3a3c-8a71ff574e2b
2019-10-02 15:39:15,cart,100029,2005,electronics.audio.headphone,prime,789.35,500074,1723199d-bf2c-14a0-3a3c-8a71ff574e2b
2019-10-02 15:40:22,purchase,100029,2005,electronics.audio.headphone,prime,789.35,500074,1723199d-bf2c-14a0-3a3c-8a71ff574e2b
2019-10-02 15:40:22,view,100011,2003,appliances.kitchen,orbit,144.15,500074,1723199d-bf2c-14a0-3a3c-8a71ff574e2b
2019-10-02 15:42:51,view,100020,2004,electronics.smartphone,zen,253.79,500074,1723199d-bf2c-14a0-3a3c-8a71ff574e2b
2019-10-02 15:43:42,cart,100020,2004,electronics.smartphone,zen,253.79,500074,1723199d-bf2c-14a0-3a3c-8a71ff574e2b
2019-10-30 08:45:00,view,100015,2007,apparel.shoes,prime,116.72,500175,9549c931-e9af-299d-7f67-1eec3da70577
2019-10-30 08:46:10,cart,100015,2007,apparel.shoes,prime,116.72,500175,9549c931-e9af-299d-7f67-1eec3da70577
2019-10-30 08:49:05,purchase,100015,2007,apparel.shoes,prime,116.72,500175,9549c931-e9af-299d-7f67-1eec3da70577
2019-10-30 08:49:05,view,100030,2006,appliances.kitchen,nova,591.62,500175,9549c931-e9af-299d-7f67-1eec3da70577
2019-10-12 17:10:00,view,100038,2006,electronics.audio.headphone,,382.83,500174,711533f3-12e8-9d10-2871-17338beddb12
2019-10-12 17:12:01,view,100020,2004,electronics.smartphone,zen,253.79,500174,711533f3-12e8-9d10-2871-17338beddb12
2019-10-12 17:12:56,view,100028,2004,appliances.kitchen,zen,244.63,500174,711533f3-12e8-9d10-2871-17338beddb12
2019-10-12 17:15:04,cart,100028,2004,appliances.kitchen,zen,244.63,500174,711533f3-12e8-9d10-2871-17338beddb12
2019-10-12 17:16:46,purchase,100028,2004,appliances.kitchen,zen,244.63,500174,711533f3-12e8-9d10-2871-17338beddb12
2019-10-13 19:48:00,view,100026,2002,home.furniture,nova,617.73,500148,4b943e30-b303-f438-fe21-10d04bbe4aff
2019-10-11 07:12:00,view,100032,2000,appliances.kitchen,nova,225.73,500176,0c8e29e3-f93e-08d5-bea2-9dfec73f6e1b
2019-10-11 07:14:47,cart,100032,2000,appliances.kitchen,nova,225.73,500176,0c8e29e3-f93e-08d5-bea2-9dfec73f6e1b
2019-10-11 07:15:56,view,100019,2003,appliances.kitchen,alpha,770.51,500176,0c8e29e3-f93e-08d5-bea2-9dfec73f6e1b
2019-10-11 07:18:49,view,100015,2007,apparel.shoes,prime,116.72,500176,0c8e29e3-f93e-08d5-bea2-9dfec73f6e1b
2019-10-11 07:19:29,view,100039,2007,electronics.smartphone,zen,346.55,500176,0c8e29e3-f93e-08d5-bea2-9dfec73f6e1b
2019-10-11 07:22:14,view,100023,2007,electronics.smartphone,prime,573.31,500176,0c8e29e3-f93e-08d5-bea2-9dfec73f6e1b
2019-10-16 04:51:00,view,100019,2003,appliances.kitchen,alpha,770.51,500009,21a4344f-bb7b-ee03-5d67-8bb1945ef2e4
2019-10-16 04:52:51,cart,100019,2003,appliances.kitchen,alpha,770.51,500009,21a4344f-bb7b-ee03-5d67-8bb1945ef2e4
2019-10-14 18:22:00,view,100017,2001,home.furniture,orbit,521.73,500094,45c45a3e-e9da-484a-8075-9f1f87e5f0fe
2019-10-14 18:23:31,view,100031,2007,apparel.shoes,,415.67,500094,45c45a3e-e9da-484a-8075-9f1f87e5f0fe
2019-10-01 23:12:00,view,100036,2004,electronics.audio.headphone,prime,446.7,500037,dc322c97-39c1-e262-f76c-8edec1101266
2019-10-01 23:13:12,view,100024,2000,home.furniture,,224.11,500037,dc322c97-39c1-e262-f76c-8edec1101266
2019-10-01 23:15:13,cart,100024,2000,home.furniture,,224.11,500037,dc322c97-39c1-e262-f76c-8edec1101266
2019-10-01 23:18:10,purchase,100024,2000,home.furniture,,224.11,500037,dc322c97-39c1-e262-f76c-8edec1101266
2019-10-01 23:18:10,view,100006,2006,electronics.audio.headphone,prime,543.81,500037,dc322c97-39c1-e262-f76c-8edec1101266
2019-10-01 23:19:52,view,100026,2002,home.furniture,nova,617.73,500037,dc322c97-39c1-e262-f76c-8edec1101266
2019-10-01 23:21:32,cart,100026,2002,home.furniture,nova,617.73,500037,dc322c97-39c1-e262-f76c-8edec1101266
2019-10-01 23:22:36,purchase,100026,2002,home.furniture,nova,617.73,500037,dc322c97-39c1-e262-f76c-8edec1101266
2019-10-06 15:26:00,view,100015,2007,apparel.shoes,prime,116.72,500159,53f8382b-8fb8-64e4-f173-8856e25d36eb
2019-10-06 15:26:40,cart,100015,2007,apparel.shoes,prime,116.72,500159,53f8382b-8fb8-64e4-f173-8856e25d36eb
2019-10-06 15:26:54,purchase,100015,2007,apparel.shoes,prime,116.72,500159,53f8382b-8fb8-64e4-f173-8856e25d36eb
2019-10-06 15:26:54,view,100005,2005,electronics.smartphone,alpha,88.86,500159,53f8382b-8fb8-64e4-f173-8856e25d36eb
2019-10-06 15:29:05,cart,100005,2005,electronics.smartphone,alpha,88.86,500159,53f8382b-8fb8-64e4-f173-8856e25d36eb
2019-10-06 15:30:10,remove_from_cart,100005,2005,electronics.smartphone,alpha,88.86,500159,53f8382b-8fb8-64e4-f173-8856e25d36eb
2019-10-06 15:30:10,view,100030,2006,appliances.kitchen,nova,591.62,500159,53f8382b-8fb8-64e4-f173-8856e25d36eb
2019-10-06 15:32:11,cart,100030,2006,appliances.kitchen,nova,591.62,500159,53f8382b-8fb8-64e4-f173-8856e25d36eb
2019-10-06 15:34:34,purchase,100030,2006,appliances.kitchen,nova,591.62,500159,53f8382b-8fb8-64e4-f173-8856e25d36eb
2019-10-06 15:34:34,view,100020,2004,electronics.smartphone,zen,253.79,500159,53f8382b-8fb8-64e4-f173-8856e25d36eb
2019-10-06 15:35:18,view,100027,2003,electronics.smartphone,nova,740.51,500159,53f8382b-8fb8-64e4-f173-8856e25d36eb
2019-10-06 15:38:10,cart,100027,2003,electronics.smartphone,nova,740.51,500159,53f8382b-8fb8-64e4-f173-8856e25d36eb
2019-10-18 01:13:00,view,100029,2005,electronics.audio.headphone,prime,789.35,500072,379efc6e-5edb-0d3c-b0b6-3bcf08601833
2019-10-18 01:15:24,view,100016,2000,apparel.shoes,alpha,499.08,500072,379efc6e-5edb-0d3c-b0b6-3bcf08601833
2019-10-18 01:18:14,cart,100016,2000,apparel.shoes,alpha,499.08,500072,379efc6e-5edb-0d3c-b0b6-3bcf08601833
2019-10-18 01:20:00,purchase,100016,2000,apparel.shoes,alpha,499.08,500072,379efc6e-5edb-0d3c-b0b6-3bcf08601833
2019-10-18 01:20:00,view,100024,2000,home.furniture,,224.11,500072,379efc6e-5edb-0d3c-b0b6-3bcf08601833
2019-10-18 01:20:36,view,100007,2007,home.furniture,nova,645.84,500072,379efc6e-5edb-0d3c-b0b6-3bcf08601833
2019-10-18 01:22:37,cart,100007,2007,home.furniture,nova,645.84,500072,379efc6e-5edb-0d3c-b0b6-3bcf08601833
2019-10-04 10:56:00,view,100037,2005,electronics.smartphone,alpha,141.79,500006,3e5a87e3-5560-db22-c96b-5edb0cf2b69b
2019-10-04 10:58:26,cart,100037,2005,electronics.smartphone,alpha,141.79,500006,3e5a87e3-5560-db22-c96b-5edb0cf2b69b
2019-10-04 10:59:26,view,100014,2006,home.furniture,orbit,727.38,500006,3e5a87e3-5560-db22-c96b-5edb0cf2b69b
2019-10-12 17:46:00,view,100009,2001,home.furniture,orbit,729.44,500153,fbe94499-dbc0-80fd-46fb-7bf300b9d4a3
2019-10-12 17:46:49,cart,100009,2001,home.furniture,orbit,729.44,500153,fbe94499-dbc0-80fd-46fb-7bf300b9d4a3
2019-10-12 17:47:00,purchase,100009,2001,home.furniture,orbit,729.44,500153,fbe94499-dbc0-80fd-46fb-7bf300b9d4a3
2019-10-12 17:47:00,view,100035,2003,apparel.shoes,orbit,201.29,500153,fbe94499-dbc0-80fd-46fb-7bf300b9d4a3
2019-10-25 06:37:00,view,100004,2004,home.furniture,alpha,533.49,500061,2c9b662e-040a-3aae-52e2-afd996bf10ab
2019-10-25 06:37:34,view,100009,2001,home.furniture,orbit,729.44,500061,2c9b662e-040a-3aae-52e2-afd996bf10ab
2019-10-25 06:39:40,cart,100009,2001,home.furniture,orbit,729.44,500061,2c9b662e-040a-3aae-52e2-afd996bf10ab
2019-10-25 06:41:17,purchase,100009,2001,home.furniture,orbit,729.44,500061,2c9b662e-040a-3aae-52e2-afd996bf10ab
2019-10-25 06:41:17,view,100027,2003,electronics.smartphone,nova,740.51,500061,2c9b662e-040a-3aae-52e2-afd996bf10ab
2019-10-25 06:41:49,cart,100027,2003,electronics.smartphone,nova,740.51,500061,2c9b662e-040a-3aae-52e2-afd996bf10ab
2019-10-25 06:42:50,remove_from_cart,100027,2003,electronics.smartphone,nova,740.51,500061,2c9b662e-040a-3aae-52e2-afd996bf10ab
2019-10-23 03:10:00,view,100004,2004,home.furniture,alpha,533.49,500169,a4b1f991-7542-4646-4d37-a539857dd3b3
2019-10-23 03:11:47,cart,100004,2004,home.furniture,alpha,533.49,500169,a4b1f991-7542-4646-4d37-a539857dd3b3
2019-10-23 03:12:19,purchase,100004,2004,home.furniture,alpha,533.49,500169,a4b1f991-7542-4646-4d37-a539857dd3b3
2019-10-30 03:29:00,view,100010,2002,electronics.smartphone,nova,629.83,500114,5275eb94-14ae-af5c-e636-58c912d0498d
2019-10-30 03:31:34,view,100005,2005,electronics.smartphone,alpha,88.86,500114,5275eb94-14ae-af5c-e636-58c912d0498d
2019-10-30 03:33:02,cart,100005,2005,electronics.smartphone,alpha,88.86,500114,5275eb94-14ae-af5c-e636-58c912d0498d
2019-10-30 03:35:39,purchase,100005,2005,electronics.smartphone,alpha,88.86,500114,5275eb94-14ae-af5c-e636-58c912d0498d
2019-10-30 03:35:39,view,100009,2001,home.furniture,orbit,729.44,500114,5275eb94-14ae-af5c-e636-58c912d0498d
2019-10-30 03:37:40,view,100018,2002,electronics.smartphone,alpha,596.83,500114,5275eb94-14ae-af5c-e636-58c912d0498d
2019-10-30 03:39:35,cart,100018,2002,electronics.smartphone,alpha,596.83,500114,5275eb94-14ae-af5c-e636-58c912d0498d
2019-10-30 03:40:09,view,100040,2000,apparel.shoes,prime,230.02,500114,5275eb94-14ae-af5c-e636-58c912d0498d
2019-10-05 15:51:00,view,100022,2006,electronics.audio.headphone,,243.95,500056,3a7e8e14-e359-eee1-7399-1a476e191042
2019-10-05 15:52:25,cart,100022,2006,electronics.audio.headphone,,243.95,500056,3a7e8e14-e359-eee1-7399-1a476e191042
2019-10-05 15:55:20,purchase,100022,2006,electronics.audio.headphone,,243.95,500056,3a7e8e14-e359-eee1-7399-1a476e191042
2019-10-05 15:55:20,view,100030,2006,appliances.kitchen,nova,591.62,500056,3a7e8e14-e359-eee1-7399-1a476e191042
2019-10-05 15:56:04,view,100026,2002,home.furniture,nova,617.73,500056,3a7e8e14-e359-eee1-7399-1a476e191042
2019-10-05 15:58:10,cart,100026,2002,home.furniture,nova,617.73,500056,3a7e8e14-e359-eee1-7399-1a476e191042
2019-10-05 15:58:36,purchase,100026,2002,home.furniture,nova,617.73,500056,3a7e8e14-e359-eee1-7399-1a476e191042
2019-10-05 15:58:36,view,100027,2003,electronics.smartphone,nova,740.51,500056,3a7e8e14-e359-eee1-7399-1a476e191042
2019-10-20 13:57:00,view,100036,2004,electronics.audio.headphone,prime,446.7,500096,0f5ae9d3-8e6e-5003-214f-3f12cfd01cbd
2019-10-20 13:57:18,view,100022,2006,electronics.audio.headphone,,243.95,500096,0f5ae9d3-8e6e-5003-214f-3f12cfd01cbd
2019-10-20 13:59:56,cart,100022,2006,electronics.audio.headphone,,243.95,500096,0f5ae9d3-8e6e-5003-214f-3f12cfd01cbd
2019-10-20 14:00:27,purchase,100022,2006,electronics.audio.headphone,,243.95,500096,0f5ae9d3-8e6e-5003-214f-3f12cfd01cbd
2019-10-20 14:00:27,view,100008,2000,home.furniture,zen,202.29,500096,0f5ae9d3-8e6e-5003-214f-3f12cfd01cbd
2019-10-20 14:01:26,cart,100008,2000,home.furniture,zen,202.29,500096,0f5ae9d3-8e6e-5003-214f-3f12cfd01cbd
2019-10-20 14:03:34,purchase,100008,2000,home.furniture,zen,202.29,500096,0f5ae9d3-8e6e-5003-214f-3f12cfd01cbd
2019-10-20 14:03:34,view,100027,2003,electronics.smartphone,nova,740.51,500096,0f5ae9d3-8e6e-5003-214f-3f12cfd01cbd
2019-10-20 14:04:06,cart,100027,2003,electronics.smartphone,nova,740.51,500096,0f5ae9d3-8e6e-5003-214f-3f12cfd01cbd
2019-10-20 14:06:33,purchase,100027,2003,electronics.smartphone,nova,740.51,500096,0f5ae9d3-8e6e-5003-214f-3f12cfd01cbd
2019-10-20 14:06:33,view,100023,2007,electronics.smartphone,prime,573.31,500096,0f5ae9d3-8e6e-5003-214f-3f12cfd01cbd
2019-10-02 15:37:00,view,100040,2000,apparel.shoes,prime,230.02,500110,c4767556-f97b-e2dd-8f9b-72aed85c16bd
2019-10-02 15:37:51,cart,100040,2000,apparel.shoes,prime,230.02,500110,c4767556-f97b-e2dd-8f9b-72aed85c16bd
2019-10-02 15:39:15,view,100036,2004,electronics.audio.headphone,prime,446.7,500110,c4767556-f97b-e2dd-8f9b-72aed85c16bd
2019-10-02 15:40:06,view,100002,2002,electronics.audio.headphone,nova,129.89,500110,c4767556-f97b-e2dd-8f9b-72aed85c16bd
2019-10-02 15:42:35,view,100039,2007,electronics.smartphone,zen,346.55,500110,c4767556-f97b-e2dd-8f9b-72aed85c16bd
2019-10-02 15:42:57,cart,100039,2007,electronics.smartphone,zen,346.55,500110,c4767556-f97b-e2dd-8f9b-72aed85c16bd
2019-10-02 15:45:44,remove_from_cart,100039,2007,electronics.smartphone,zen,346.55,500110,c4767556-f97b-e2dd-8f9b-72aed85c16bd
2019-10-02 15:45:44,view,100018,2002,electronics.smartphone,alpha,596.83,500110,c4767556-f97b-e2dd-8f9b-72aed85c16bd
2019-10-02 15:48:04,cart,100018,2002,electronics.smartphone,alpha,596.83,500110,c4767556-f97b-e2dd-8f9b-72aed85c16bd
2019-10-02 15:49:56,purchase,100018,2002,electronics.smartphone,alpha,596.83,500110,c4767556-f97b-e2dd-8f9b-72aed85c16bd
2019-10-29 10:50:00,view,100039,2007,electronics.smartphone,zen,346.55,500041,530ac1c7-b8ba-8368-4fc7-77685ebbcca5
2019-10-29 10:50:17,view,100006,2006,electronics.audio.headphone,prime,543.81,500041,530ac1c7-b8ba-8368-4fc7-77685ebbcca5
2019-10-29 10:51:31,cart,100006,2006,electronics.audio.headphone,prime,543.81,500041,530ac1c7-b8ba-8368-4fc7-77685ebbcca5
2019-10-29 10:53:24,purchase,100006,2006,electronics.audio.headphone,prime,543.81,500041,530ac1c7-b8ba-8368-4fc7-77685ebbcca5
2019-10-29 10:53:24,view,100004,2004,home.furniture,alpha,533.49,500041,530ac1c7-b8ba-8368-4fc7-77685ebbcca5
2019-10-29 10:55:22,cart,100004,2004,home.furniture,alpha,533.49,500041,530ac1c7-b8ba-8368-4fc7-77685ebbcca5
2019-10-29 10:56:22,remove_from_cart,100004,2004,home.furniture,alpha,533.49,500041,530ac1c7-b8ba-8368-4fc7-77685ebbcca5
2019-10-29 10:56:22,view,100010,2002,electronics.smartphone,nova,629.83,500041,530ac1c7-b8ba-8368-4fc7-77685ebbcca5
2019-10-29 10:58:17,cart,100010,2002,electronics.smartphone,nova,629.83,500041,530ac1c7-b8ba-8368-4fc7-77685ebbcca5
2019-10-29 11:01:15,view,100011,2003,appliances.kitchen,orbit,144.15,500041,530ac1c7-b8ba-8368-4fc7-77685ebbcca5
2019-10-29 11:04:10,cart,100011,2003,appliances.kitchen,orbit,144.15,500041,530ac1c7-b8ba-8368-4fc7-77685ebbcca5
2019-10-29 11:05:11,purchase,100011,2003,appliances.kitchen,orbit,144.15,500041,530ac1c7-b8ba-8368-4fc7-77685ebbcca5
2019-10-14 12:09:00,view,100009,2001,home.furniture,orbit,729.44,500154,4d29d1ab-3455-12f7-01f7-c7ec0e0630cd
2019-10-14 12:10:28,cart,100009,2001,home.furniture,orbit,729.44,500154,4d29d1ab-3455-12f7-01f7-c7ec0e0630cd
2019-10-14 12:12:40,remove_from_cart,100009,2001,home.furniture,orbit,729.44,500154,4d29d1ab-3455-12f7-01f7-c7ec0e0630cd
2019-10-14 12:12:40,view,100017,2001,home.furniture,orbit,521.73,500154,4d29d1ab-3455-12f7-01f7-c7ec0e0630cd
2019-10-21 04:28:00,view,100005,2005,electronics.smartphone,alpha,88.86,500059,ab05347f-d556-b37d-8f08-81ee8011316b
2019-10-21 04:28:09,cart,100005,2005,electronics.smartphone,alpha,88.86,500059,ab05347f-d556-b37d-8f08-81ee8011316b
2019-10-21 04:28:33,view,100026,2002,home.furniture,nova,617.73,500059,ab05347f-d556-b37d-8f08-81ee8011316b
2019-10-21 04:31:04,cart,100026,2002,home.furniture,nova,617.73,500059,ab05347f-d556-b37d-8f08-81ee8011316b
2019-10-21 04:33:52,purchase,100026,2002,home.furniture,nova,617.73,500059,ab05347f-d556-b37d-8f08-81ee8011316b
2019-10-21 04:33:52,view,100003,2003,electronics.smartphone,,667.9,500059,ab05347f-d556-b37d-8f08-81ee8011316b
2019-10-21 04:34:26,cart,100003,2003,electronics.smartphone,,667.9,500059,ab05347f-d556-b37d-8f08-81ee8011316b
2019-10-21 04:35:54,purchase,100003,2003,electronics.smartphone,,667.9,500059,ab05347f-d556-b37d-8f08-81ee8011316b
2019-10-12 09:45:00,view,100006,2006,electronics.audio.headphone,prime,543.81,500159,eb7607c9-b08a-4895-d4ff-a66675c8e90d
2019-10-12 09:46:56,view,100028,2004,appliances.kitchen,zen,244.63,500159,eb7607c9-b08a-4895-d4ff-a66675c8e90d
2019-10-12 09:49:15,cart,100028,2004,appliances.kitchen,zen,244.63,500159,eb7607c9-b08a-4895-d4ff-a66675c8e90d
2019-10-12 09:50:39,view,100007,2007,home.furniture,nova,645.84,500159,eb7607c9-b08a-4895-d4ff-a66675c8e90d
2019-10-12 09:51:27,cart,100007,2007,home.furniture,nova,645.84,500159,eb7607c9-b08a-4895-d4ff-a66675c8e90d
2019-10-12 09:54:14,purchase,100007,2007,home.furniture,nova,645.84,500159,eb7607c9-b08a-4895-d4ff-a66675c8e90d
2019-10-07 23:57:00,view,100010,2002,electronics.smartphone,nova,629.83,500131,5970a859-c6b6-e4ad-e7ea-8d5a31a3ac4d
2019-10-07 23:58:10,cart,100010,2002,electronics.smartphone,nova,629.83,500131,5970a859-c6b6-e4ad-e7ea-8d5a31a3ac4d
2019-10-08 00:00:49,purchase,100010,2002,electronics.smartphone,nova,629.83,500131,5970a859-c6b6-e4ad-e7ea-8d5a31a3ac4d
2019-10-08 00:00:49,view,100016,2000,apparel.shoes,alpha,499.08,500131,5970a859-c6b6-e4ad-e7ea-8d5a31a3ac4d
2019-10-08 00:03:41,cart,100016,2000,apparel.shoes,alpha,499.08,500131,5970a859-c6b6-e4ad-e7ea-8d5a31a3ac4d
2019-10-08 00:06:26,purchase,100016,2000,apparel.shoes,alpha,499.08,500131,5970a859-c6b6-e4ad-e7ea-8d5a31a3ac4d
2019-10-08 00:06:26,view,100007,2007,home.furniture,nova,645.84,500131,5970a859-c6b6-e4ad-e7ea-8d5a31a3ac4d
2019-10-21 11:00:00,view,100021,2005,appliances.kitchen,nova,336.31,500115,9082889b-e1cd-e87f-ec95-5f87ae5ec365
2019-10-21 11:02:46,cart,100021,2005,appliances.kitchen,nova,336.31,500115,9082889b-e1cd-e87f-ec95-5f87ae5ec365
2019-10-21 11:04:01,view,100010,2002,electronics.smartphone,nova,629.83,500115,9082889b-e1cd-e87f-ec95-5f87ae5ec365
2019-10-21 11:04:24,cart,100010,2002,electronics.smartphone,nova,629.83,500115,9082889b-e1cd-e87f-ec95-5f87ae5ec365
2019-10-21 11:06:24,purchase,100010,2002,electronics.smartphone,nova,629.83,500115,9082889b-e1cd-e87f-ec95-5f87ae5ec365
2019-10-21 11:06:24,view,100029,2005,electronics.audio.headphone,prime,789.35,500115,9082889b-e1cd-e87f-ec95-5f87ae5ec365
2019-10-21 11:08:03,view,100005,2005,electronics.smartphone,alpha,88.86,500115,9082889b-e1cd-e87f-ec95-5f87ae5ec365
2019-10-21 11:08:27,view,100031,2007,apparel.shoes,,415.67,500115,9082889b-e1cd-e87f-ec95-5f87ae5ec365
2019-10-27 08:24:00,view,100029,2005,electronics.audio.headphone,prime,789.35,500130,8de7ad6c-9490-77c2-7674-456f626d719d
2019-10-27 08:26:51,cart,100029,2005,electronics.audio.headphone,prime,789.35,500130,8de7ad6c-9490-77c2-7674-456f626d719d
2019-10-27 08:29:30,purchase,100029,2005,electronics.audio.headphone,prime,789.35,500130,8de7ad6c-9490-77c2-7674-456f626d719d
2019-10-03 02:45:00,view,100006,2006,electronics.audio.headphone,prime,543.81,500039,1a7f195b-7355-7b9d-0fd6-f47ef52d4af2
2019-10-03 02:46:08,view,100033,2001,home.furniture,prime,240.15,500039,1a7f195b-7355-7b9d-0fd6-f47ef52d4af2
2019-10-03 02:48:05,view,100012,2004,appliances.kitchen,alpha,88.01,500039,1a7f195b-7355-7b9d-0fd6-f47ef52d4af2
2019-10-03 02:50:46,cart,100012,2004,appliances.kitchen,alpha,88.01,500039,1a7f195b-7355-7b9d-0fd6-f47ef52d4af2
2019-10-26 17:26:00,view,100005,2005,electronics.smartphone,alpha,88.86,500087,ca0ac6ac-0d67-d38e-990f-0c5badcc3daf
2019-10-26 17:28:58,cart,100005,2005,electronics.smartphone,alpha,88.86,500087,ca0ac6ac-0d67-d38e-990f-0c5badcc3daf
2019-10-26 17:30:07,view,100022,2006,electronics.audio.headphone,,243.95,500087,ca0ac6ac-0d67-d38e-990f-0c5badcc3daf
2019-10-26 17:32:46,view,100007,2007,home.furniture,nova,645.84,500087,ca0ac6ac-0d67-d38e-990f-0c5badcc3daf
2019-10-26 17:34:16,cart,100007,2007,home.furniture,nova,645.84,500087,ca0ac6ac-0d67-d38e-990f-0c5badcc3daf
2019-10-26 17:37:10,purchase,100007,2007,home.furniture,nova,645.84,500087,ca0ac6ac-0d67-d38e-990f-0c5badcc3daf
2019-10-26 18:29:00,view,100009,2001,home.furniture,orbit,729.44,500090,b2cf952d-a7f3-33b3-f7ba-f55e4f6b58c8
2019-10-26 18:30:41,view,100039,2007,electronics.smartphone,zen,346.55,500090,b2cf952d-a7f3-33b3-f7ba-f55e4f6b58c8
2019-10-26 18:32:10,view,100006,2006,electronics.audio.headphone,prime,543.81,500090,b2cf952d-a7f3-33b3-f7ba-f55e4f6b58c8
2019-10-26 18:35:06,view,100020,2004,electronics.smartphone,zen,253.79,500090,b2cf952d-a7f3-33b3-f7ba-f55e4f6b58c8
2019-10-09 12:53:00,view,100002,2002,electronics.audio.headphone,nova,129.89,500024,822c4d32-6c64-5c15-aba3-01cba561e1e9
2019-10-09 12:53:59,cart,100002,2002,electronics.audio.headphone,nova,129.89,500024,822c4d32-6c64-5c15-aba3-01cba561e1e9
2019-10-09 12:56:08,purchase,100002,2002,electronics.audio.headphone,nova,129.89,500024,822c4d32-6c64-5c15-aba3-01cba561e1e9
2019-10-09 12:56:08,view,100024,2000,home.furniture,,224.11,500024,822c4d32-6c64-5c15-aba3-01cba561e1e9
2019-10-09 12:56:48,cart,100024,2000,home.furniture,,224.11,500024,822c4d32-6c64-5c15-aba3-01cba561e1e9
2019-10-09 12:58:08,remove_from_cart,100024,2000,home.furniture,,224.11,500024,822c4d32-6c64-5c15-aba3-01cba561e1e9
2019-10-09 12:58:08,view,100020,2004,electronics.smartphone,zen,253.79,500024,822c4d32-6c64-5c15-aba3-01cba561e1e9
2019-10-09 13:31:00,view,100009,2001,home.furniture,orbit,729.44,500135,e05b46c5-5636-3094-a974-31db09a9d1c1
2019-10-09 13:33:44,view,100039,2007,electronics.smartphone,zen,346.55,500135,e05b46c5-5636-3094-a974-31db09a9d1c1
2019-10-09 13:34:31,view,100025,2001,apparel.shoes,zen,246.6,500135,e05b46c5-5636-3094-a974-31db09a9d1c1
2019-10-09 13:34:47,cart,100025,2001,apparel.shoes,zen,246.6,500135,e05b46c5-5636-3094-a974-31db09a9d1c1
2019-10-09 13:37:45,view,100010,2002,electronics.smartphone,nova,629.83,500135,e05b46c5-5636-3094-a974-31db09a9d1c1
2019-10-09 13:40:26,cart,100010,2002,electronics.smartphone,nova,629.83,500135,e05b46c5-5636-3094-a974-31db09a9d1c1
2019-10-09 13:42:25,purchase,100010,2002,electronics.smartphone,nova,629.83,500135,e05b46c5-5636-3094-a974-31db09a9d1c1
2019-10-09 13:42:25,view,100011,2003,appliances.kitchen,orbit,144.15,500135,e05b46c5-5636-3094-a974-31db09a9d1c1
2019-10-09 13:43:31,cart,100011,2003,appliances.kitchen,orbit,144.15,500135,e05b46c5-5636-3094-a974-31db09a9d1c1
2019-10-09 13:45:36,remove_from_cart,100011,2003,appliances.kitchen,orbit,144.15,500135,e05b46c5-5636-3094-a974-31db09a9d1c1
2019-10-20 09:17:00,view,100019,2003,appliances.kitchen,alpha,770.51,500174,70cafdd8-fc04-3f08-9207-0158f2771f63
2019-10-20 09:17:46,view,100025,2001,apparel.shoes,zen,246.6,500174,70cafdd8-fc04-3f08-9207-0158f2771f63
2019-10-20 09:20:25,cart,100025,2001,apparel.shoes,zen,246.6,500174,70cafdd8-fc04-3f08-9207-0158f2771f63
2019-10-20 09:21:34,purchase,100025,2001,apparel.shoes,zen,246.6,500174,70cafdd8-fc04-3f08-9207-0158f2771f63
2019-10-20 09:21:34,view,100033,2001,home.furniture,prime,240.15,500174,70cafdd8-fc04-3f08-9207-0158f2771f63
2019-10-20 09:23:42,view,100034,2002,home.furniture,zen,808.55,500174,70cafdd8-fc04-3f08-9207-0158f2771f63
2019-10-24 16:43:00,view,100018,2002,electronics.smartphone,alpha,596.83,500133,1578d709-48f9-e3d0-1fea-e1e0d9e604b3
2019-10-24 16:43:42,view,100029,2005,electronics.audio.headphone,prime,789.35,500133,1578d709-48f9-e3d0-1fea-e1e0d9e604b3
2019-10-03 18:10:00,view,100027,2003,electronics.smartphone,nova,740.51,500057,597e6845-e277-18c5-737d-1fb6d11376e0
2019-10-05 20:13:00,view,100002,2002,electronics.audio.headphone,nova,129.89,500061,5ffa46ef-14e4-180c-fe99-36a362dbc850
2019-10-05 20:15:51,cart,100002,2002,electronics.audio.headphone,nova,129.89,500061,5ffa46ef-14e4-180c-fe99-36a362dbc850
2019-10-05 20:16:33,purchase,100002,2002,electronics.audio.headphone,nova,129.89,500061,5ffa46ef-14e4-180c-fe99-36a362dbc850
2019-10-05 20:16:33,view,100021,2005,appliances.kitchen,nova,336.31,500061,5ffa46ef-14e4-180c-fe99-36a362dbc850
2019-10-02 04:45:00,view,100029,2005,electronics.audio.headphone,prime,789.35,500121,c24369e7-2387-eaf6-d4c3-a832b231c60b
2019-10-02 04:46:10,cart,100029,2005,electronics.audio.headphone,prime,789.35,500121,c24369e7-2387-eaf6-d4c3-a832b231c60b
2019-10-02 04:46:53,purchase,100029,2005,electronics.audio.headphone,prime,789.35,500121,c24369e7-2387-eaf6-d4c3-a832b231c60b
2019-10-02 04:46:53,view,100040,2000,apparel.shoes,prime,230.02,500121,c24369e7-2387-eaf6-d4c3-a832b231c60b
2019-10-02 04:49:33,view,100001,2001,electronics.smartphone,alpha,668.69,500121,c24369e7-2387-eaf6-d4c3-a832b231c60b
2019-10-02 04:50:06,view,100006,2006,electronics.audio.headphone,prime,543.81,500121,c24369e7-2387-eaf6-d4c3-a832b231c60b
2019-10-02 04:51:11,cart,100006,2006,electronics.audio.headphone,prime,543.81,500121,c24369e7-2387-eaf6-d4c3-a832b231c60b
2019-10-02 04:51:28,purchase,100006,2006,electronics.audio.headphone,prime,543.81,500121,c24369e7-2387-eaf6-d4c3-a832b231c60b
2019-10-28 11:47:00,view,100032,2000,appliances.kitchen,nova,225.73,500164,10142131-7505-65f5-9f70-8368cb3cf8ca
2019-10-28 11:49:22,cart,100032,2000,appliances.kitchen,nova,225.73,500164,10142131-7505-65f5-9f70-8368cb3cf8ca
2019-10-28 11:51:38,purchase,100032,2000,appliances.kitchen,nova,225.73,500164,10142131-7505-65f5-9f70-8368cb3cf8ca
2019-10-09 20:35:00,view,100016,2000,apparel.shoes,alpha,499.08,500037,9d642932-0066-853d-6de2-99a14a90cd0c
2019-10-09 20:37:55,view,100037,2005,electronics.smartphone,alpha,141.79,500037,9d642932-0066-853d-6de2-99a14a90cd0c
2019-10-09 20:40:14,view,100027,2003,electronics.smartphone,nova,740.51,500037,9d642932-0066-853d-6de2-99a14a90cd0c
2019-10-12 21:03:00,view,100002,2002,electronics.audio.headphone,nova,129.89,500140,81f38dd4-fd03-4ada-c952-518581e03a5e
2019-10-12 21:03:09,cart,100002,2002,electronics.audio.headphone,nova,129.89,500140,81f38dd4-fd03-4ada-c952-518581e03a5e
2019-10-12 21:03:31,purchase,100002,2002,electronics.audio.headphone,nova,129.89,500140,81f38dd4-fd03-4ada-c952-518581e03a5e
2019-10-12 21:03:31,view,100025,2001,apparel.shoes,zen,246.6,500140,81f38dd4-fd03-4ada-c952-518581e03a5e
2019-10-12 21:06:24,view,100031,2007,apparel.shoes,,415.67,500140,81f38dd4-fd03-4ada-c952-518581e03a5e
2019-10-12 21:08:57,view,100003,2003,electronics.smartphone,,667.9,500140,81f38dd4-fd03-4ada-c952-518581e03a5e
2019-10-12 21:10:27,cart,100003,2003,electronics.smartphone,,667.9,500140,81f38dd4-fd03-4ada-c952-518581e03a5e
2019-10-12 21:12:02,purchase,100003,2003,electronics.smartphone,,667.9,500140,81f38dd4-fd03-4ada-c952-518581e03a5e
2019-10-12 21:12:02,view,100024,2000,home.furniture,,224.11,500140,81f38dd4-fd03-4ada-c952-518581e03a5e
2019-10-12 21:14:51,cart,100024,2000,home.furniture,,224.11,500140,81f38dd4-fd03-4ada-c952-518581e03a5e
2019-10-12 21:17:51,purchase,100024,2000,home.furniture,,224.11,500140,81f38dd4-fd03-4ada-c952-518581e03a5e
2019-10-03 00:23:00,view,100005,2005,electronics.smartphone,alpha,88.86,500179,cfbe4fe9-2ea9-c542-a1b9-70d07a8104de
2019-10-03 00:24:20,cart,100005,2005,electronics.smartphone,alpha,88.86,500179,cfbe4fe9-2ea9-c542-a1b9-70d07a8104de
2019-10-03 00:25:16,view,100030,2006,appliances.kitchen,nova,591.62,500179,cfbe4fe9-2ea9-c542-a1b9-70d07a8104de
2019-10-03 12:12:00,view,100019,2003,appliances.kitchen,alpha,770.51,500140,c0d7ac73-095f-fa81-40d9-2bce7930ba20
2019-10-03 12:14:52,cart,100019,2003,appliances.kitchen,alpha,770.51,500140,c0d7ac73-095f-fa81-40d9-2bce7930ba20
2019-10-03 12:15:28,view,100023,2007,electronics.smartphone,prime,573.31,500140,c0d7ac73-095f-fa81-40d9-2bce7930ba20
2019-10-20 15:40:00,view,100024,2000,home.furniture,,224.11,500099,7f072cb9-2fd3-40c0-f945-f2fd56cb1ab0
2019-10-20 15:40:25,cart,100024,2000,home.furniture,,224.11,500099,7f072cb9-2fd3-40c0-f945-f2fd56cb1ab0
2019-10-20 15:41:16,purchase,100024,2000,home.furniture,,224.11,500099,7f072cb9-2fd3-40c0-f945-f2fd56cb1ab0
2019-10-20 15:41:16,view,100034,2002,home.furniture,zen,808.55,500099,7f072cb9-2fd3-40c0-f945-f2fd56cb1ab0
2019-10-20 15:42:43,cart,100034,2002,home.furniture,zen,808.55,500099,7f072cb9-2fd3-40c0-f945-f2fd56cb1ab0
2019-10-20 15:44:11,view,100018,2002,electronics.smartphone,alpha,596.83,500099,7f072cb9-2fd3-40c0-f945-f2fd56cb1ab0
2019-10-20 15:46:50,view,100006,2006,electronics.audio.headphone,prime,543.81,500099,7f072cb9-2fd3-40c0-f945-f2fd56cb1ab0
2019-10-30 10:28:00,view,100040,2000,apparel.shoes,prime,230.02,500090,debac186-ba10-8217-0ad7-c9a2727716ec
2019-10-30 10:28:19,cart,100040,2000,apparel.shoes,prime,230.02,500090,debac186-ba10-8217-0ad7-c9a2727716ec
2019-10-30 10:31:07,purchase,100040,2000,apparel.shoes,prime,230.02,500090,debac186-ba10-8217-0ad7-c9a2727716ec
2019-10-30 10:31:07,view,100028,2004,appliances.kitchen,zen,244.63,500090,debac186-ba10-8217-0ad7-c9a2727716ec
2019-10-30 10:33:23,view,100018,2002,electronics.smartphone,alpha,596.83,500090,debac186-ba10-8217-0ad7-c9a2727716ec
2019-10-30 10:36:21,cart,100018,2002,electronics.smartphone,alpha,596.83,500090,debac186-ba10-8217-0ad7-c9a2727716ec
2019-10-30 10:36:33,purchase,100018,2002,electronics.smartphone,alpha,596.83,500090,debac186-ba10-8217-0ad7-c9a2727716ec
2019-10-30 16:41:00,view,100005,2005,electronics.smartphone,alpha,88.86,500156,08e895d7-702c-1821-c804-0fb7ad973b67
2019-10-30 16:42:38,cart,100005,2005,electronics.smartphone,alpha,88.86,500156,08e895d7-702c-1821-c804-0fb7ad973b67
2019-10-30 16:45:08,purchase,100005,2005,electronics.smartphone,alpha,88.86,500156,08e895d7-702c-1821-c804-0fb7ad973b67
2019-10-30 16:45:08,view,100016,2000,apparel.shoes,alpha,499.08,500156,08e895d7-702c-1821-c804-0fb7ad973b67
2019-10-30 21:29:00,view,100009,2001,home.furniture,orbit,729.44,500095,13aec376-c359-810a-71a6-014c5f3c44dc
2019-10-30 21:30:16,cart,100009,2001,home.furniture,orbit,729.44,500095,13aec376-c359-810a-71a6-014c5f3c44dc
2019-10-30 21:30:50,purchase,100009,2001,home.furniture,orbit,729.44,500095,13aec376-c359-810a-71a6-014c5f3c44dc
2019-10-30 21:30:50,view,100034,2002,home.furniture,zen,808.55,500095,13aec376-c359-810a-71a6-014c5f3c44dc
2019-10-30 21:31:42,view,100024,2000,home.furniture,,224.11,500095,13aec376-c359-810a-71a6-014c5f3c44dc
2019-10-30 21:33:26,view,100026,2002,home.furniture,nova,617.73,500095,13aec376-c359-810a-71a6-014c5f3c44dc
2019-10-30 21:34:01,cart,100026,2002,home.furniture,nova,617.73,500095,13aec376-c359-810a-71a6-014c5f3c44dc
2019-10-30 21:35:12,remove_from_cart,100026,2002,home.furniture,nova,617.73,500095,13aec376-c359-810a-71a6-014c5f3c44dc
2019-10-30 21:35:12,view,100021,2005,appliances.kitchen,nova,336.31,500095,13aec376-c359-810a-71a6-014c5f3c44dc
2019-10-30 21:37:53,cart,100021,2005,appliances.kitchen,nova,336.31,500095,13aec376-c359-810a-71a6-014c5f3c44dc
2019-10-30 21:40:03,purchase,100021,2005,appliances.kitchen,nova,336.31,500095,13aec376-c359-810a-71a6-014c5f3c44dc
2019-10-26 08:44:00,view,100006,2006,electronics.audio.headphone,prime,543.81,500035,2c33350c-73b9-11d8-12f5-131ada52d2ee
2019-10-26 08:46:23,cart,100006,2006,electronics.audio.headphone,prime,543.81,500035,2c33350c-73b9-11d8-12f5-131ada52d2ee
2019-10-26 08:47:44,view,100021,2005,appliances.kitchen,nova,336.31,500035,2c33350c-73b9-11d8-12f5-131ada52d2ee
2019-10-26 08:50:32,cart,100021,2005,appliances.kitchen,nova,336.31,500035,2c33350c-73b9-11d8-12f5-131ada52d2ee
2019-10-26 08:52:09,purchase,100021,2005,appliances.kitchen,nova,336.31,500035,2c33350c-73b9-11d8-12f5-131ada52d2ee
2019-10-26 08:52:09,view,100023,2007,electronics.smartphone,prime,573.31,500035,2c33350c-73b9-11d8-12f5-131ada52d2ee
2019-10-26 08:52:45,view,100005,2005,electronics.smartphone,alpha,88.86,500035,2c33350c-73b9-11d8-12f5-131ada52d2ee
2019-10-26 08:53:25,cart,100005,2005,electronics.smartphone,alpha,88.86,500035,2c33350c-73b9-11d8-12f5-131ada52d2ee
2019-10-26 08:55:36,purchase,100005,2005,electronics.smartphone,alpha,88.86,500035,2c33350c-73b9-11d8-12f5-131ada52d2ee
2019-10-19 10:53:00,view,100009,2001,home.furniture,orbit,729.44,500142,cdbcc653-77a7-e8b7-5e70-f65f9280c5aa
2019-10-19 10:55:07,view,100040,2000,apparel.shoes,prime,230.02,500142,cdbcc653-77a7-e8b7-5e70-f65f9280c5aa
2019-10-19 10:56:56,view,100006,2006,electronics.audio.headphone,prime,543.81,500142,cdbcc653-77a7-e8b7-5e70-f65f9280c5aa
2019-10-19 10:57:19,cart,100006,2006,electronics.audio.headphone,prime,543.81,500142,cdbcc653-77a7-e8b7-5e70-f65f9280c5aa
2019-10-19 10:58:45,view,100005,2005,electronics.smartphone,alpha,88.86,500142,cdbcc653-77a7-e8b7-5e70-f65f9280c5aa
2019-10-19 11:01:44,view,100020,2004,electronics.smartphone,zen,253.79,500142,cdbcc653-77a7-e8b7-5e70-f65f9280c5aa
2019-10-03 20:31:00,view,100028,2004,appliances.kitchen,zen,244.63,500142,c48d5650-2e95-22d6-9679-2482a3c988e4
2019-10-03 20:31:36,view,100033,2001,home.furniture,prime,240.15,500142,c48d5650-2e95-22d6-9679-2482a3c988e4
2019-10-03 20:32:58,cart,100033,2001,home.furniture,prime,240.15,500142,c48d5650-2e95-22d6-9679-2482a3c988e4
2019-10-07 00:43:00,view,100013,2005,electronics.smartphone,orbit,763.51,500133,143029a9-d88f-1c94-48b7-63d5e519dd7e
2019-10-07 00:45:45,cart,100013,2005,electronics.smartphone,orbit,763.51,500133,143029a9-d88f-1c94-48b7-63d5e519dd7e
2019-10-07 00:48:06,purchase,100013,2005,electronics.smartphone,orbit,763.51,500133,143029a9-d88f-1c94-48b7-63d5e519dd7e
2019-10-07 00:48:06,view,100036,2004,electronics.audio.headphone,prime,446.7,500133,143029a9-d88f-1c94-48b7-63d5e519dd7e
2019-10-07 00:50:55,cart,100036,2004,electronics.audio.headphone,prime,446.7,500133,143029a9-d88f-1c94-48b7-63d5e519dd7e
2019-10-07 00:53:28,purchase,100036,2004,electronics.audio.headphone,prime,446.7,500133,143029a9-d88f-1c94-48b7-63d5e519dd7e
2019-10-07 00:53:28,view,100018,2002,electronics.smartphone,alpha,596.83,500133,143029a9-d88f-1c94-48b7-63d5e519dd7e
2019-10-05 00:43:00,view,100002,2002,electronics.audio.headphone,nova,129.89,500155,90494583-ec86-a890-d7b0-0bdc566e3cbe
2019-10-14 12:23:00,view,100027,2003,electronics.smartphone,nova,740.51,500148,c4576cc3-35f7-89bc-a6b0-745843c07d43
2019-10-14 12:25:49,view,100040,2000,apparel.shoes,prime,230.02,500148,c4576cc3-35f7-89bc-a6b0-745843c07d43
2019-10-14 12:27:57,cart,100040,2000,apparel.shoes,prime,230.02,500148,c4576cc3-35f7-89bc-a6b0-745843c07d43
2019-10-14 12:30:57,purchase,100040,2000,apparel.shoes,prime,230.02,500148,c4576cc3-35f7-89bc-a6b0-745843c07d43
2019-10-14 12:30:57,view,100002,2002,electronics.audio.headphone,nova,129.89,500148,c4576cc3-35f7-89bc-a6b0-745843c07d43
2019-10-14 12:32:58,cart,100002,2002,electronics.audio.headphone,nova,129.89,500148,c4576cc3-35f7-89bc-a6b0-745843c07d43
2019-10-14 12:33:18,purchase,100002,2002,electronics.audio.headphone,nova,129.89,500148,c4576cc3-35f7-89bc-a6b0-745843c07d43
2019-10-14 12:33:18,view,100032,2000,appliances.kitchen,nova,225.73,500148,c4576cc3-35f7-89bc-a6b0-745843c07d43
2019-10-14 12:35:09,view,100035,2003,apparel.shoes,orbit,201.29,500148,c4576cc3-35f7-89bc-a6b0-745843c07d43
2019-10-14 12:36:06,cart,100035,2003,apparel.shoes,orbit,201.29,500148,c4576cc3-35f7-89bc-a6b0-745843c07d43
2019-10-14 12:36:47,purchase,100035,2003,apparel.shoes,orbit,201.29,500148,c4576cc3-35f7-89bc-a6b0-745843c07d43
2019-10-06 03:58:00,view,100009,2001,home.furniture,orbit,729.44,500082,586a346a-dc5b-e7d1-fcef-1972bbf483ce
2019-10-06 03:59:26,cart,100009,2001,home.furniture,orbit,729.44,500082,586a346a-dc5b-e7d1-fcef-1972bbf483ce
2019-10-06 04:00:02,purchase,100009,2001,home.furniture,orbit,729.44,500082,586a346a-dc5b-e7d1-fcef-1972bbf483ce
2019-10-06 04:00:02,view,100024,2000,home.furniture,,224.11,500082,586a346a-dc5b-e7d1-fcef-1972bbf483ce
2019-10-06 04:01:10,cart,100024,2000,home.furniture,,224.11,500082,586a346a-dc5b-e7d1-fcef-1972bbf483ce
2019-10-06 04:01:27,purchase,100024,2000,home.furniture,,224.11,500082,586a346a-dc5b-e7d1-fcef-1972bbf483ce
2019-10-06 04:01:27,view,100033,2001,home.furniture,prime,240.15,500082,586a346a-dc5b-e7d1-fcef-1972bbf483ce
2019-10-06 04:03:10,view,100036,2004,electronics.audio.headphone,prime,446.7,500082,586a346a-dc5b-e7d1-fcef-1972bbf483ce
2019-10-06 04:05:02,cart,100036,2004,electronics.audio.headphone,prime,446.7,500082,586a346a-dc5b-e7d1-fcef-1972bbf483ce
2019-10-19 05:31:00,view,100030,2006,appliances.kitchen,nova,591.62,500081,7f8e5483-28ca-aa1d-c35b-ec2c3098f7b2
2019-10-19 05:33:14,cart,100030,2006,appliances.kitchen,nova,591.62,500081,7f8e5483-28ca-aa1d-c35b-ec2c3098f7b2
2019-10-19 05:34:20,purchase,100030,2006,appliances.kitchen,nova,591.62,500081,7f8e5483-28ca-aa1d-c35b-ec2c3098f7b2
2019-10-19 05:34:20,view,100032,2000,appliances.kitchen,nova,225.73,500081,7f8e5483-28ca-aa1d-c35b-ec2c3098f7b2
2019-10-19 05:35:55,cart,100032,2000,appliances.kitchen,nova,225.73,500081,7f8e5483-28ca-aa1d-c35b-ec2c3098f7b2
2019-10-19 05:37:12,purchase,100032,2000,appliances.kitchen,nova,225.73,500081,7f8e5483-28ca-aa1d-c35b-ec2c3098f7b2
2019-10-19 05:37:12,view,100020,2004,electronics.smartphone,zen,253.79,500081,7f8e5483-28ca-aa1d-c35b-ec2c3098f7b2
2019-10-19 05:40:04,view,100002,2002,electronics.audio.headphone,nova,129.89,500081,7f8e5483-28ca-aa1d-c35b-ec2c3098f7b2
2019-10-19 05:41:22,view,100006,2006,electronics.audio.headphone,prime,543.81,500081,7f8e5483-28ca-aa1d-c35b-ec2c3098f7b2
2019-10-19 05:41:54,cart,100006,2006,electronics.audio.headphone,prime,543.81,500081,7f8e5483-28ca-aa1d-c35b-ec2c3098f7b2
2019-10-18 21:59:00,view,100013,2005,electronics.smartphone,orbit,763.51,500094,91fdfa4f-0d18-ab95-668c-84770b95017c
2019-10-18 22:01:14,cart,100013,2005,electronics.smartphone,orbit,763.51,500094,91fdfa4f-0d18-ab95-668c-84770b95017c
2019-10-18 22:03:39,purchase,100013,2005,electronics.smartphone,orbit,763.51,500094,91fdfa4f-0d18-ab95-668c-84770b95017c
2019-10-18 22:03:39,view,100024,2000,home.furniture,,224.11,500094,91fdfa4f-0d18-ab95-668c-84770b95017c
2019-10-18 22:06:23,view,100036,2004,electronics.audio.headphone,prime,446.7,500094,91fdfa4f-0d18-ab95-668c-84770b95017c
2019-10-18 22:06:58,cart,100036,2004,electronics.audio.headphone,prime,446.7,500094,91fdfa4f-0d18-ab95-668c-84770b95017c
2019-10-18 22:07:27,purchase,100036,2004,electronics.audio.headphone,prime,446.7,500094,91fdfa4f-0d18-ab95-668c-84770b95017c
2019-10-18 22:07:27,view,100019,2003,appliances.kitchen,alpha,770.51,500094,91fdfa4f-0d18-ab95-668c-84770b95017c
2019-10-18 22:08:58,view,100005,2005,electronics.smartphone,alpha,88.86,500094,91fdfa4f-0d18-ab95-668c-84770b95017c
2019-10-03 02:30:00,view,100003,2003,electronics.smartphone,,667.9,500051,80051b10-66c1-4dca-8255-da619a3b0319
2019-10-29 09:22:00,view,100009,2001,home.furniture,orbit,729.44,500122,9b33e3a4-2620-f9a9-74fd-33d184f2fd0f
2019-10-29 09:23:21,view,100021,2005,appliances.kitchen,nova,336.31,500122,9b33e3a4-2620-f9a9-74fd-33d184f2fd0f
2019-10-29 09:25:35,view,100040,2000,apparel.shoes,prime,230.02,500122,9b33e3a4-2620-f9a9-74fd-33d184f2fd0f
2019-10-29 09:27:56,view,100011,2003,appliances.kitchen,orbit,144.15,500122,9b33e3a4-2620-f9a9-74fd-33d184f2fd0f
2019-10-29 09:30:25,cart,100011,2003,appliances.kitchen,orbit,144.15,500122,9b33e3a4-2620-f9a9-74fd-33d184f2fd0f
2019-10-29 09:30:34,purchase,100011,2003,appliances.kitchen,orbit,144.15,500122,9b33e3a4-2620-f9a9-74fd-33d184f2fd0f
2019-10-29 09:30:34,view,100026,2002,home.furniture,nova,617.73,500122,9b33e3a4-2620-f9a9-74fd-33d184f2fd0f
2019-10-29 09:33:31,cart,100026,2002,home.furniture,nova,617.73,500122,9b33e3a4-2620-f9a9-74fd-33d184f2fd0f
2019-10-03 16:05:00,view,100038,2006,electronics.audio.headphone,,382.83,500177,797ebe87-98cf-1188-06d2-5913a1173719
2019-10-03 16:07:34,view,100037,2005,electronics.smartphone,alpha,141.79,500177,797ebe87-98cf-1188-06d2-5913a1173719
2019-10-03 16:09:53,view,100015,2007,apparel.shoes,prime,116.72,500177,797ebe87-98cf-1188-06d2-5913a1173719
2019-10-06 08:02:00,view,100037,2005,electronics.smartphone,alpha,141.79,500098,3e00980e-ae44-1e21-d258-64f225d4a0fc
2019-10-06 08:02:53,cart,100037,2005,electronics.smartphone,alpha,141.79,500098,3e00980e-ae44-1e21-d258-64f225d4a0fc
2019-10-06 08:04:18,purchase,100037,2005,electronics.smartphone,alpha,141.79,500098,3e00980e-ae44-1e21-d258-64f225d4a0fc
2019-10-26 20:38:00,view,100031,2007,apparel.shoes,,415.67,500106,80773e33-690e-7e62-3432-3ec6b0c4a01c
2019-10-26 20:39:28,view,100004,2004,home.furniture,alpha,533.49,500106,80773e33-690e-7e62-3432-3ec6b0c4a01c
2019-10-26 20:41:35,view,100009,2001,home.furniture,orbit,729.44,500106,80773e33-690e-7e62-3432-3ec6b0c4a01c
2019-10-26 20:43:00,view,100034,2002,home.furniture,zen,808.55,500106,80773e33-690e-7e62-3432-3ec6b0c4a01c
2019-10-26 20:45:02,view,100014,2006,home.furniture,orbit,727.38,500106,80773e33-690e-7e62-3432-3ec6b0c4a01c
2019-10-12 13:15:00,view,100040,2000,apparel.shoes,prime,230.02,500174,ae455cc6-b88e-830f-de1e-994ac5a11f5c
2019-10-12 13:16:16,view,100031,2007,apparel.shoes,,415.67,500174,ae455cc6-b88e-830f-de1e-994ac5a11f5c
2019-10-12 13:17:18,view,100013,2005,electronics.smartphone,orbit,763.51,500174,ae455cc6-b88e-830f-de1e-994ac5a11f5c
2019-10-06 21:07:00,view,100023,2007,electronics.smartphone,prime,573.31,500054,5129950d-7d2f-4e58-b47a-1c5bb0b39015
2019-10-06 21:09:31,view,100036,2004,electronics.audio.headphone,prime,446.7,500054,5129950d-7d2f-4e58-b47a-1c5bb0b39015
2019-10-06 21:11:13,view,100018,2002,electronics.smartphone,alpha,596.83,500054,5129950d-7d2f-4e58-b47a-1c5bb0b39015
2019-10-06 21:12:59,view,100019,2003,appliances.kitchen,alpha,770.51,500054,5129950d-7d2f-4e58-b47a-1c5bb0b39015
2019-10-06 21:13:41,cart,100019,2003,appliances.kitchen,alpha,770.51,500054,5129950d-7d2f-4e58-b47a-1c5bb0b39015
2019-10-06 21:14:59,remove_from_cart,100019,2003,appliances.kitchen,alpha,770.51,500054,5129950d-7d2f-4e58-b47a-1c5bb0b39015
2019-10-13 16:08:00,view,100013,2005,electronics.smartphone,orbit,763.51,500114,7aa4f052-bf51-9362-41a6-4feda7edc8d8
2019-10-13 16:10:28,view,100035,2003,apparel.shoes,orbit,201.29,500114,7aa4f052-bf51-9362-41a6-4feda7edc8d8
2019-10-13 16:11:08,cart,100035,2003,apparel.shoes,orbit,201.29,500114,7aa4f052-bf51-9362-41a6-4feda7edc8d8
2019-10-13 16:13:43,purchase,100035,2003,apparel.shoes,orbit,201.29,500114,7aa4f052-bf51-9362-41a6-4feda7edc8d8
2019-10-20 03:26:00,view,100004,2004,home.furniture,alpha,533.49,500013,39c59df9-87f2-55d6-e7ba-26acab7a3d1c
2019-10-20 03:27:29,view,100007,2007,home.furniture,nova,645.84,500013,39c59df9-87f2-55d6-e7ba-26acab7a3d1c
2019-10-23 01:30:00,view,100027,2003,electronics.smartphone,nova,740.51,500036,fa585b27-8ce3-e7c3-f6ea-b3a001539221
2019-10-23 01:32:51,cart,100027,2003,electronics.smartphone,nova,740.51,500036,fa585b27-8ce3-e7c3-f6ea-b3a001539221
2019-10-23 01:34:09,purchase,100027,2003,electronics.smartphone,nova,740.51,500036,fa585b27-8ce3-e7c3-f6ea-b3a001539221
2019-10-23 01:34:09,view,100031,2007,apparel.shoes,,415.67,500036,fa585b27-8ce3-e7c3-f6ea-b3a001539221
2019-10-23 01:36:59,cart,100031,2007,apparel.shoes,,415.67,500036,fa585b27-8ce3-e7c3-f6ea-b3a001539221
2019-10-23 21:05:00,view,100003,2003,electronics.smartphone,,667.9,500010,6afa828c-2cd1-0b9f-ebe5-841fe9c96c52
2019-10-23 21:05:52,view,100026,2002,home.furniture,nova,617.73,500010,6afa828c-2cd1-0b9f-ebe5-841fe9c96c52
2019-10-25 04:41:00,view,100019,2003,appliances.kitchen,alpha,770.51,500003,1b780ede-9a4f-fc0c-9165-f2ed4c636e95
2019-10-25 04:43:11,view,100030,2006,appliances.kitchen,nova,591.62,500003,1b780ede-9a4f-fc0c-9165-f2ed4c636e95
2019-10-25 04:43:50,view,100035,2003,apparel.shoes,orbit,201.29,500003,1b780ede-9a4f-fc0c-9165-f2ed4c636e95
2019-10-25 04:45:54,cart,100035,2003,apparel.shoes,orbit,201.29,500003,1b780ede-9a4f-fc0c-9165-f2ed4c636e95
2019-10-25 04:46:27,purchase,100035,2003,apparel.shoes,orbit,201.29,500003,1b780ede-9a4f-fc0c-9165-f2ed4c636e95
2019-10-14 18:14:00,view,100022,2006,electronics.audio.headphone,,243.95,500118,2faabe0b-b7f6-0cdf-41dc-1c60a5f60735
2019-10-19 13:49:00,view,100028,2004,appliances.kitchen,zen,244.63,500050,a383889a-db2c-6ac8-9c67-83932ced3c0d
2019-10-19 13:51:56,cart,100028,2004,appliances.kitchen,zen,244.63,500050,a383889a-db2c-6ac8-9c67-83932ced3c0d
2019-10-19 13:52:36,purchase,100028,2004,appliances.kitchen,zen,244.63,500050,a383889a-db2c-6ac8-9c67-83932ced3c0d
2019-10-19 13:52:36,view,100033,2001,home.furniture,prime,240.15,500050,a383889a-db2c-6ac8-9c67-83932ced3c0d
2019-10-19 13:53:44,cart,100033,2001,home.furniture,prime,240.15,500050,a383889a-db2c-6ac8-9c67-83932ced3c0d
2019-10-19 13:55:27,purchase,100033,2001,home.furniture,prime,240.15,500050,a383889a-db2c-6ac8-9c67-83932ced3c0d
2019-10-19 13:55:27,view,100021,2005,appliances.kitchen,nova,336.31,500050,a383889a-db2c-6ac8-9c67-83932ced3c0d
2019-10-19 13:56:40,view,100006,2006,electronics.audio.headphone,prime,543.81,500050,a383889a-db2c-6ac8-9c67-83932ced3c0d
2019-10-22 12:20:00,view,100004,2004,home.furniture,alpha,533.49,500147,5c0b9b10-a757-cb10-42f5-25b902ed73ce
2019-10-22 12:21:23,cart,100004,2004,home.furniture,alpha,533.49,500147,5c0b9b10-a757-cb10-42f5-25b902ed73ce
2019-10-22 12:24:23,purchase,100004,2004,home.furniture,alpha,533.49,500147,5c0b9b10-a757-cb10-42f5-25b902ed73ce
2019-10-22 12:24:23,view,100008,2000,home.furniture,zen,202.29,500147,5c0b9b10-a757-cb10-42f5-25b902ed73ce
2019-10-28 21:37:00,view,100015,2007,apparel.shoes,prime,116.72,500164,5e175b66-4b87-959f-f0cd-7f05ea87855e
2019-10-28 21:38:40,cart,100015,2007,apparel.shoes,prime,116.72,500164,5e175b66-4b87-959f-f0cd-7f05ea87855e
2019-10-28 21:41:05,view,100009,2001,home.furniture,orbit,729.44,500164,5e175b66-4b87-959f-f0cd-7f05ea87855e
2019-10-28 21:44:00,view,100031,2007,apparel.shoes,,415.67,500164,5e175b66-4b87-959f-f0cd-7f05ea87855e
2019-10-28 21:45:08,view,100010,2002,electronics.smartphone,nova,629.83,500164,5e175b66-4b87-959f-f0cd-7f05ea87855e
2019-10-28 21:47:45,view,100030,2006,appliances.kitchen,nova,591.62,500164,5e175b66-4b87-959f-f0cd-7f05ea87855e
2019-10-27 09:32:00,view,100008,2000,home.furniture,zen,202.29,500136,ead08c89-13fe-8a29-5c9d-eee0b42a0456
2019-10-27 09:34:22,cart,100008,2000,home.furniture,zen,202.29,500136,ead08c89-13fe-8a29-5c9d-eee0b42a0456
2019-10-27 09:35:50,view,100004,2004,home.furniture,alpha,533.49,500136,ead08c89-13fe-8a29-5c9d-eee0b42a0456
2019-10-27 09:38:49,cart,100004,2004,home.furniture,alpha,533.49,500136,ead08c89-13fe-8a29-5c9d-eee0b42a0456
2019-10-27 09:41:23,purchase,100004,2004,home.furniture,alpha,533.49,500136,ead08c89-13fe-8a29-5c9d-eee0b42a0456
2019-10-27 09:41:23,view,100036,2004,electronics.audio.headphone,prime,446.7,500136,ead08c89-13fe-8a29-5c9d-eee0b42a0456
2019-10-27 09:43:38,cart,100036,2004,electronics.audio.headphone,prime,446.7,500136,ead08c89-13fe-8a29-5c9d-eee0b42a0456
2019-10-27 09:43:57,purchase,100036,2004,electronics.audio.headphone,prime,446.7,500136,ead08c89-13fe-8a29-5c9d-eee0b42a0456
2019-10-27 09:43:57,view,100033,2001,home.furniture,prime,240.15,500136,ead08c89-13fe-8a29-5c9d-eee0b42a0456
2019-10-27 09:46:13,cart,100033,2001,home.furniture,prime,240.15,500136,ead08c89-13fe-8a29-5c9d-eee0b42a0456
2019-10-27 09:48:42,purchase,100033,2001,home.furniture,prime,240.15,500136,ead08c89-13fe-8a29-5c9d-eee0b42a0456
2019-10-27 09:48:42,view,100013,2005,electronics.smartphone,orbit,763.51,500136,ead08c89-13fe-8a29-5c9d-eee0b42a0456
2019-10-27 15:40:00,view,100014,2006,home.furniture,orbit,727.38,500079,41241bb4-655c-e508-0592-bfa5b928e23f
2019-10-27 15:40:23,cart,100014,2006,home.furniture,orbit,727.38,500079,41241bb4-655c-e508-0592-bfa5b928e23f
2019-10-07 11:55:00,view,100003,2003,electronics.smartphone,,667.9,500016,fc737d92-11ab-3d11-e4eb-8000ef40d162
2019-10-07 11:57:49,view,100019,2003,appliances.kitchen,alpha,770.51,500016,fc737d92-11ab-3d11-e4eb-8000ef40d162
2019-10-07 12:00:39,view,100027,2003,electronics.smartphone,nova,740.51,500016,fc737d92-11ab-3d11-e4eb-8000ef40d162
2019-10-07 12:02:19,view,100012,2004,appliances.kitchen,alpha,88.01,500016,fc737d92-11ab-3d11-e4eb-8000ef40d162
2019-10-07 12:04:01,cart,100012,2004,appliances.kitchen,alpha,88.01,500016,fc737d92-11ab-3d11-e4eb-8000ef40d162
2019-10-07 12:05:42,purchase,100012,2004,appliances.kitchen,alpha,88.01,500016,fc737d92-11ab-3d11-e4eb-8000ef40d162
2019-10-09 10:56:00,view,100023,2007,electronics.smartphone,prime,573.31,500175,8a0f9508-dfe2-c0a0-a96b-3c42f6d22a7b
2019-10-09 10:58:22,cart,100023,2007,electronics.smartphone,prime,573.31,500175,8a0f9508-dfe2-c0a0-a96b-3c42f6d22a7b
2019-10-09 10:58:59,view,100008,2000,home.furniture,zen,202.29,500175,8a0f9508-dfe2-c0a0-a96b-3c42f6d22a7b
2019-10-22 07:07:00,view,100035,2003,apparel.shoes,orbit,201.29,500077,8b60c511-b816-8aeb-ac6a-7c8576876c62
2019-10-22 07:08:33,cart,100035,2003,apparel.shoes,orbit,201.29,500077,8b60c511-b816-8aeb-ac6a-7c8576876c62
2019-10-22 07:09:26,view,100025,2001,apparel.shoes,zen,246.6,500077,8b60c511-b816-8aeb-ac6a-7c8576876c62
2019-10-22 07:09:59,cart,100025,2001,apparel.shoes,zen,246.6,500077,8b60c511-b816-8aeb-ac6a-7c8576876c62
2019-10-22 07:12:53,purchase,100025,2001,apparel.shoes,zen,246.6,500077,8b60c511-b816-8aeb-ac6a-7c8576876c62
2019-10-22 07:12:53,view,100015,2007,apparel.shoes,prime,116.72,500077,8b60c511-b816-8aeb-ac6a-7c8576876c62
2019-10-22 07:13:02,cart,100015,2007,apparel.shoes,prime,116.72,500077,8b60c511-b816-8aeb-ac6a-7c8576876c62
2019-10-22 07:13:24,purchase,100015,2007,apparel.shoes,prime,116.72,500077,8b60c511-b816-8aeb-ac6a-7c8576876c62
2019-10-22 07:13:24,view,100016,2000,apparel.shoes,alpha,499.08,500077,8b60c511-b816-8aeb-ac6a-7c8576876c62
2019-10-22 07:13:37,cart,100016,2000,apparel.shoes,alpha,499.08,500077,8b60c511-b816-8aeb-ac6a-7c8576876c62
2019-10-22 07:16:34,remove_from_cart,100016,2000,apparel.shoes,alpha,499.08,500077,8b60c511-b816-8aeb-ac6a-7c8576876c62
2019-10-24 06:23:00,view,100004,2004,home.furniture,alpha,533.49,500012,8a2db2e6-3bfd-a8a6-705f-ddf566fadca0
2019-10-24 06:24:19,cart,100004,2004,home.furniture,alpha,533.49,500012,8a2db2e6-3bfd-a8a6-705f-ddf566fadca0
2019-10-24 06:26:51,purchase,100004,2004,home.furniture,alpha,533.49,500012,8a2db2e6-3bfd-a8a6-705f-ddf566fadca0
2019-10-24 06:26:51,view,100009,2001,home.furniture,orbit,729.44,500012,8a2db2e6-3bfd-a8a6-705f-ddf566fadca0
2019-10-26 16:05:00,view,100015,2007,apparel.shoes,prime,116.72,500083,24acb722-e052-7739-4d40-6f1b3ca5be29
2019-10-26 16:07:36,view,100027,2003,electronics.smartphone,nova,740.51,500083,24acb722-e052-7739-4d40-6f1b3ca5be29
2019-10-26 16:08:25,view,100020,2004,electronics.smartphone,zen,253.79,500083,24acb722-e052-7739-4d40-6f1b3ca5be29
2019-10-26 16:10:19,view,100018,2002,electronics.smartphone,alpha,596.83,500083,24acb722-e052-7739-4d40-6f1b3ca5be29
2019-10-26 16:10:36,view,100004,2004,home.furniture,alpha,533.49,500083,24acb722-e052-7739-4d40-6f1b3ca5be29
2019-10-09 16:50:00,view,100020,2004,electronics.smartphone,zen,253.79,500135,6883ac6e-6a94-4054-b241-4482519894d8
2019-10-09 16:52:22,cart,100020,2004,electronics.smartphone,zen,253.79,500135,6883ac6e-6a94-4054-b241-4482519894d8
2019-10-09 16:53:24,purchase,100020,2004,electronics.smartphone,zen,253.79,500135,6883ac6e-6a94-4054-b241-4482519894d8
2019-10-09 16:53:24,view,100025,2001,apparel.shoes,zen,246.6,500135,6883ac6e-6a94-4054-b241-4482519894d8
2019-10-10 14:05:00,view,100034,2002,home.furniture,zen,808.55,500015,6aa0426d-f7c0-d5f7-69a5-3b4f8ff8869d
2019-10-10 14:06:29,view,100009,2001,home.furniture,orbit,729.44,500015,6aa0426d-f7c0-d5f7-69a5-3b4f8ff8869d
2019-10-10 14:08:29,view,100025,2001,apparel.shoes,zen,246.6,500015,6aa0426d-f7c0-d5f7-69a5-3b4f8ff8869d
2019-10-10 14:08:57,view,100016,2000,apparel.shoes,alpha,499.08,500015,6aa0426d-f7c0-d5f7-69a5-3b4f8ff8869d
2019-10-10 14:09:50,cart,100016,2000,apparel.shoes,alpha,499.08,500015,6aa0426d-f7c0-d5f7-69a5-3b4f8ff8869d
2019-10-10 14:11:31,view,100017,2001,home.furniture,orbit,521.73,500015,6aa0426d-f7c0-d5f7-69a5-3b4f8ff8869d
2019-10-10 14:11:54,cart,100017,2001,home.furniture,orbit,521.73,500015,6aa0426d-f7c0-d5f7-69a5-3b4f8ff8869d
2019-10-06 16:08:00,view,100001,2001,electronics.smartphone,alpha,668.69,500123,553d2625-e833-4da5-de95-d6953579c143
2019-10-06 16:10:07,view,100014,2006,home.furniture,orbit,727.38,500123,553d2625-e833-4da5-de95-d6953579c143
2019-10-06 16:12:46,view,100013,2005,electronics.smartphone,orbit,763.51,500123,553d2625-e833-4da5-de95-d6953579c143
2019-10-17 16:49:00,view,100035,2003,apparel.shoes,orbit,201.29,500142,61730c48-4876-9153-c688-13fe52555c75
2019-10-17 16:51:16,view,100023,2007,electronics.smartphone,prime,573.31,500142,61730c48-4876-9153-c688-13fe52555c75
2019-10-17 16:53:20,cart,100023,2007,electronics.smartphone,prime,573.31,500142,61730c48-4876-9153-c688-13fe52555c75
2019-10-17 16:55:25,view,100020,2004,electronics.smartphone,zen,253.79,500142,61730c48-4876-9153-c688-13fe52555c75
2019-10-17 16:56:22,cart,100020,2004,electronics.smartphone,zen,253.79,500142,61730c48-4876-9153-c688-13fe52555c75
2019-10-17 16:58:12,purchase,100020,2004,electronics.smartphone,zen,253.79,500142,61730c48-4876-9153-c688-13fe52555c75
2019-10-17 16:58:12,view,100017,2001,home.furniture,orbit,521.73,500142,61730c48-4876-9153-c688-13fe52555c75
2019-10-11 19:14:00,view,100027,2003,electronics.smartphone,nova,740.51,500005,95831d58-ef4c-5119-8da5-d39b42c21797
2019-10-11 19:15:42,view,100019,2003,appliances.kitchen,alpha,770.51,500005,95831d58-ef4c-5119-8da5-d39b42c21797
2019-10-11 19:16:49,view,100010,2002,electronics.smartphone,nova,629.83,500005,95831d58-ef4c-5119-8da5-d39b42c21797
2019-10-11 19:19:41,view,100013,2005,electronics.smartphone,orbit,763.51,500005,95831d58-ef4c-5119-8da5-d39b42c21797
2019-10-11 19:21:12,cart,100013,2005,electronics.smartphone,orbit,763.51,500005,95831d58-ef4c-5119-8da5-d39b42c21797
2019-10-11 19:23:22,view,100022,2006,electronics.audio.headphone,,243.95,500005,95831d58-ef4c-5119-8da5-d39b42c21797
2019-10-11 19:25:32,cart,100022,2006,electronics.audio.headphone,,243.95,500005,95831d58-ef4c-5119-8da5-d39b42c21797
2019-10-11 19:27:07,purchase,100022,2006,electronics.audio.headphone,,243.95,500005,95831d58-ef4c-5119-8da5-d39b42c21797
2019-10-20 02:26:00,view,100004,2004,home.furniture,alpha,533.49,500140,e3ad64d4-eab9-eb02-2f1d-c1217d024c6d
2019-10-20 02:26:40,view,100034,2002,home.furniture,zen,808.55,500140,e3ad64d4-eab9-eb02-2f1d-c1217d024c6d
2019-10-20 02:27:44,cart,100034,2002,home.furniture,zen,808.55,500140,e3ad64d4-eab9-eb02-2f1d-c1217d024c6d
2019-10-20 02:28:27,purchase,100034,2002,home.furniture,zen,808.55,500140,e3ad64d4-eab9-eb02-2f1d-c1217d024c6d
2019-10-20 02:28:27,view,100003,2003,electronics.smartphone,,667.9,500140,e3ad64d4-eab9-eb02-2f1d-c1217d024c6d
2019-10-20 02:30:41,cart,100003,2003,electronics.smartphone,,667.9,500140,e3ad64d4-eab9-eb02-2f1d-c1217d024c6d
2019-10-20 02:31:01,view,100005,2005,electronics.smartphone,alpha,88.86,500140,e3ad64d4-eab9-eb02-2f1d-c1217d024c6d
2019-10-20 02:33:43,view,100001,2001,electronics.smartphone,alpha,668.69,500140,e3ad64d4-eab9-eb02-2f1d-c1217d024c6d
2019-10-13 20:05:00,view,100034,2002,home.furniture,zen,808.55,500002,0308aa5e-694d-7b00-8d38-8327883f13c6
2019-10-12 07:12:00,view,100012,2004,appliances.kitchen,alpha,88.01,500005,ac8d6c7d-b2a6-e468-d02b-124380913ac1
2019-10-12 07:12:54,view,100007,2007,home.furniture,nova,645.84,500005,ac8d6c7d-b2a6-e468-d02b-124380913ac1
2019-10-12 07:14:03,view,100034,2002,home.furniture,zen,808.55,500005,ac8d6c7d-b2a6-e468-d02b-124380913ac1
2019-10-12 07:15:16,view,100010,2002,electronics.smartphone,nova,629.83,500005,ac8d6c7d-b2a6-e468-d02b-124380913ac1
2019-10-12 07:15:41,cart,100010,2002,electronics.smartphone,nova,629.83,500005,ac8d6c7d-b2a6-e468-d02b-124380913ac1
2019-10-12 07:17:29,purchase,100010,2002,electronics.smartphone,nova,629.83,500005,ac8d6c7d-b2a6-e468-d02b-124380913ac1
2019-10-05 14:07:00,view,100003,2003,electronics.smartphone,,667.9,500063,4ccb2355-39d1-c7ff-b27e-1442fd7fe973
2019-10-05 14:08:48,cart,100003,2003,electronics.smartphone,,667.9,500063,4ccb2355-39d1-c7ff-b27e-1442fd7fe973
2019-10-05 14:11:14,purchase,100003,2003,electronics.smartphone,,667.9,500063,4ccb2355-39d1-c7ff-b27e-1442fd7fe973
2019-10-25 08:53:00,view,100028,2004,appliances.kitchen,zen,244.63,500164,152aeaec-2bdf-cb41-b3ed-a8f1026b5383
2019-10-25 08:53:15,cart,100028,2004,appliances.kitchen,zen,244.63,500164,152aeaec-2bdf-cb41-b3ed-a8f1026b5383
2019-10-25 08:55:45,purchase,100028,2004,appliances.kitchen,zen,244.63,500164,152aeaec-2bdf-cb41-b3ed-a8f1026b5383
2019-10-25 08:55:45,view,100022,2006,electronics.audio.headphone,,243.95,500164,152aeaec-2bdf-cb41-b3ed-a8f1026b5383
2019-10-25 08:56:01,view,100037,2005,electronics.smartphone,alpha,141.79,500164,152aeaec-2bdf-cb41-b3ed-a8f1026b5383
2019-10-25 08:59:01,view,100007,2007,home.furniture,nova,645.84,500164,152aeaec-2bdf-cb41-b3ed-a8f1026b5383
2019-10-28 01:11:00,view,100014,2006,home.furniture,orbit,727.38,500009,508211a5-d9b5-9f84-edc3-a1c32dea2d2d
2019-10-18 19:15:00,view,100016,2000,apparel.shoes,alpha,499.08,500102,299656e2-4c9d-6907-13b2-2cecedcabf94
2019-10-18 19:15:40,view,100037,2005,electronics.smartphone,alpha,141.79,500102,299656e2-4c9d-6907-13b2-2cecedcabf94
2019-10-18 19:16:05,view,100025,2001,apparel.shoes,zen,246.6,500102,299656e2-4c9d-6907-13b2-2cecedcabf94
2019-10-18 19:17:38,cart,100025,2001,apparel.shoes,zen,246.6,500102,299656e2-4c9d-6907-13b2-2cecedcabf94
2019-10-18 19:19:34,purchase,100025,2001,apparel.shoes,zen,246.6,500102,299656e2-4c9d-6907-13b2-2cecedcabf94
2019-10-18 19:19:34,view,100035,2003,apparel.shoes,orbit,201.29,500102,299656e2-4c9d-6907-13b2-2cecedcabf94
2019-10-18 19:19:58,cart,100035,2003,apparel.shoes,orbit,201.29,500102,299656e2-4c9d-6907-13b2-2cecedcabf94
2019-10-18 19:22:40,view,100022,2006,electronics.audio.headphone,,243.95,500102,299656e2-4c9d-6907-13b2-2cecedcabf94
2019-10-18 19:24:08,cart,100022,2006,electronics.audio.headphone,,243.95,500102,299656e2-4c9d-6907-13b2-2cecedcabf94
2019-10-29 11:41:00,view,100012,2004,appliances.kitchen,alpha,88.01,500059,601bfbcb-f0ee-bcce-8d93-e14a5b167158
2019-10-29 11:42:20,view,100038,2006,electronics.audio.headphone,,382.83,500059,601bfbcb-f0ee-bcce-8d93-e14a5b167158
2019-10-29 11:42:43,cart,100038,2006,electronics.audio.headphone,,382.83,500059,601bfbcb-f0ee-bcce-8d93-e14a5b167158
2019-10-29 11:43:27,purchase,100038,2006,electronics.audio.headphone,,382.83,500059,601bfbcb-f0ee-bcce-8d93-e14a5b167158
2019-10-29 11:43:27,view,100025,2001,apparel.shoes,zen,246.6,500059,601bfbcb-f0ee-bcce-8d93-e14a5b167158
2019-10-29 11:46:14,cart,100025,2001,apparel.shoes,zen,246.6,500059,601bfbcb-f0ee-bcce-8d93-e14a5b167158
2019-10-29 11:47:58,purchase,100025,2001,apparel.shoes,zen,246.6,500059,601bfbcb-f0ee-bcce-8d93-e14a5b167158
2019-10-29 11:47:58,view,100006,2006,electronics.audio.headphone,prime,543.81,500059,601bfbcb-f0ee-bcce-8d93-e14a5b167158
2019-10-29 11:48:30,cart,100006,2006,electronics.audio.headphone,prime,543.81,500059,601bfbcb-f0ee-bcce-8d93-e14a5b167158
2019-10-29 11:49:53,purchase,100006,2006,electronics.audio.headphone,prime,543.81,500059,601bfbcb-f0ee-bcce-8d93-e14a5b167158
2019-10-06 00:49:00,view,100029,2005,electronics.audio.headphone,prime,789.35,500070,2ff8e87e-1659-1c89-21eb-faa91a2bd69c
2019-10-06 00:49:11,cart,100029,2005,electronics.audio.headphone,prime,789.35,500070,2ff8e87e-1659-1c89-21eb-faa91a2bd69c
2019-10-06 00:51:37,purchase,100029,2005,electronics.audio.headphone,prime,789.35,500070,2ff8e87e-1659-1c89-21eb-faa91a2bd69c
2019-10-06 00:51:37,view,100036,2004,electronics.audio.headphone,prime,446.7,500070,2ff8e87e-1659-1c89-21eb-faa91a2bd69c
2019-10-06 00:54:15,view,100033,2001,home.furniture,prime,240.15,500070,2ff8e87e-1659-1c89-21eb-faa91a2bd69c
2019-10-06 00:55:58,cart,100033,2001,home.furniture,prime,240.15,500070,2ff8e87e-1659-1c89-21eb-faa91a2bd69c
2019-10-06 00:57:48,purchase,100033,2001,home.furniture,prime,240.15,500070,2ff8e87e-1659-1c89-21eb-faa91a2bd69c
2019-10-06 00:57:48,view,100027,2003,electronics.smartphone,nova,740.51,500070,2ff8e87e-1659-1c89-21eb-faa91a2bd69c
2019-10-15 00:54:00,view,100034,2002,home.furniture,zen,808.55,500144,3e245fbf-fa69-8cd2-fe23-90f3e7bbaefc
2019-10-15 00:55:13,view,100011,2003,appliances.kitchen,orbit,144.15,500144,3e245fbf-fa69-8cd2-fe23-90f3e7bbaefc
2019-10-15 00:55:34,cart,100011,2003,appliances.kitchen,orbit,144.15,500144,3e245fbf-fa69-8cd2-fe23-90f3e7bbaefc
2019-10-15 00:56:49,purchase,100011,2003,appliances.kitchen,orbit,144.15,500144,3e245fbf-fa69-8cd2-fe23-90f3e7bbaefc
2019-10-15 00:56:49,view,100025,2001,apparel.shoes,zen,246.6,500144,3e245fbf-fa69-8cd2-fe23-90f3e7bbaefc
2019-10-15 00:58:57,view,100009,2001,home.furniture,orbit,729.44,500144,3e245fbf-fa69-8cd2-fe23-90f3e7bbaefc
2019-10-15 01:00:34,cart,100009,2001,home.furniture,orbit,729.44,500144,3e245fbf-fa69-8cd2-fe23-90f3e7bbaefc
2019-10-15 01:01:42,view,100018,2002,electronics.smartphone,alpha,596.83,500144,3e245fbf-fa69-8cd2-fe23-90f3e7bbaefc
2019-10-15 01:04:24,cart,100018,2002,electronics.smartphone,alpha,596.83,500144,3e245fbf-fa69-8cd2-fe23-90f3e7bbaefc
2019-10-15 01:04:56,purchase,100018,2002,electronics.smartphone,alpha,596.83,500144,3e245fbf-fa69-8cd2-fe23-90f3e7bbaefc
2019-10-07 12:41:00,view,100025,2001,apparel.shoes,zen,246.6,500002,d773f98d-550c-2fe9-654c-11d9f2e61828
2019-10-07 12:42:21,cart,100025,2001,apparel.shoes,zen,246.6,500002,d773f98d-550c-2fe9-654c-11d9f2e61828
2019-10-07 12:43:17,purchase,100025,2001,apparel.shoes,zen,246.6,500002,d773f98d-550c-2fe9-654c-11d9f2e61828
2019-10-07 12:43:17,view,100022,2006,electronics.audio.headphone,,243.95,500002,d773f98d-550c-2fe9-654c-11d9f2e61828
2019-10-07 12:44:07,view,100029,2005,electronics.audio.headphone,prime,789.35,500002,d773f98d-550c-2fe9-654c-11d9f2e61828
2019-10-07 12:45:33,cart,100029,2005,electronics.audio.headphone,prime,789.35,500002,d773f98d-550c-2fe9-654c-11d9f2e61828
2019-10-07 12:48:20,purchase,100029,2005,electronics.audio.headphone,prime,789.35,500002,d773f98d-550c-2fe9-654c-11d9f2e61828
2019-10-07 12:48:20,view,100028,2004,appliances.kitchen,zen,244.63,500002,d773f98d-550c-2fe9-654c-11d9f2e61828
2019-10-07 12:50:52,view,100039,2007,electronics.smartphone,zen,346.55,500002,d773f98d-550c-2fe9-654c-11d9f2e61828
2019-10-07 12:52:20,cart,100039,2007,electronics.smartphone,zen,346.55,500002,d773f98d-550c-2fe9-654c-11d9f2e61828
2019-10-07 12:54:05,purchase,100039,2007,electronics.smartphone,zen,346.55,500002,d773f98d-550c-2fe9-654c-11d9f2e61828
2019-10-22 08:12:00,view,100036,2004,electronics.audio.headphone,prime,446.7,500145,8bae591e-ff4c-c10f-979c-30cf33261887
2019-10-22 08:12:58,cart,100036,2004,electronics.audio.headphone,prime,446.7,500145,8bae591e-ff4c-c10f-979c-30cf33261887
2019-10-22 08:14:17,remove_from_cart,100036,2004,electronics.audio.headphone,prime,446.7,500145,8bae591e-ff4c-c10f-979c-30cf33261887
2019-10-22 08:14:17,view,100002,2002,electronics.audio.headphone,nova,129.89,500145,8bae591e-ff4c-c10f-979c-30cf33261887
2019-10-04 16:47:00,view,100028,2004,appliances.kitchen,zen,244.63,500036,40afbf3f-3df5-1967-4d86-70bda2224f96
2019-10-04 16:48:59,view,100025,2001,apparel.shoes,zen,246.6,500036,40afbf3f-3df5-1967-4d86-70bda2224f96
2019-10-30 09:03:00,view,100035,2003,apparel.shoes,orbit,201.29,500137,dea050c6-eb9e-d274-ec6a-37ad81b15db9
2019-10-30 09:03:26,cart,100035,2003,apparel.shoes,orbit,201.29,500137,dea050c6-eb9e-d274-ec6a-37ad81b15db9
2019-10-30 09:04:34,view,100003,2003,electronics.smartphone,,667.9,500137,dea050c6-eb9e-d274-ec6a-37ad81b15db9
2019-10-30 09:07:24,view,100024,2000,home.furniture,,224.11,500137,dea050c6-eb9e-d274-ec6a-37ad81b15db9
2019-10-30 09:09:53,view,100039,2007,electronics.smartphone,zen,346.55,500137,dea050c6-eb9e-d274-ec6a-37ad81b15db9
2019-10-13 02:36:00,view,100007,2007,home.furniture,nova,645.84,500085,1b1f2eb1-6e32-55a8-cbd5-cc86f73936e9
2019-10-19 03:13:00,view,100029,2005,electronics.audio.headphone,prime,789.35,500133,9342a09f-b00a-c64c-949c-d8d48ed8a80d
2019-10-19 03:15:03,view,100024,2000,home.furniture,,224.11,500133,9342a09f-b00a-c64c-949c-d8d48ed8a80d
2019-10-20 06:21:00,view,100019,2003,appliances.kitchen,alpha,770.51,500039,7b96e2d1-0649-bcf6-ff69-723d584fc85b
2019-10-20 06:21:26,cart,100019,2003,appliances.kitchen,alpha,770.51,500039,7b96e2d1-0649-bcf6-ff69-723d584fc85b
2019-10-20 06:22:07,purchase,100019,2003,appliances.kitchen,alpha,770.51,500039,7b96e2d1-0649-bcf6-ff69-723d584fc85b
2019-10-21 22:11:00,view,100023,2007,electronics.smartphone,prime,573.31,500088,8567c805-34f5-41c0-c8c5-eb2a7490adeb
2019-10-21 22:12:26,cart,100023,2007,electronics.smartphone,prime,573.31,500088,8567c805-34f5-41c0-c8c5-eb2a7490adeb
2019-10-21 22:12:42,remove_from_cart,100023,2007,electronics.smartphone,prime,573.31,500088,8567c805-34f5-41c0-c8c5-eb2a7490adeb
2019-10-21 22:12:42,view,100031,2007,apparel.shoes,,415.67,500088,8567c805-34f5-41c0-c8c5-eb2a7490adeb
2019-10-21 22:14:14,view,100007,2007,home.furniture,nova,645.84,500088,8567c805-34f5-41c0-c8c5-eb2a7490adeb
2019-10-21 22:17:12,view,100029,2005,electronics.audio.headphone,prime,789.35,500088,8567c805-34f5-41c0-c8c5-eb2a7490adeb
2019-10-19 08:04:00,view,100015,2007,apparel.shoes,prime,116.72,500142,6d268b37-8f52-42d3-54bb-bcf828fea761
2019-10-19 08:04:12,view,100026,2002,home.furniture,nova,617.73,500142,6d268b37-8f52-42d3-54bb-bcf828fea761
2019-10-19 08:05:07,cart,100026,2002,home.furniture,nova,617.73,500142,6d268b37-8f52-42d3-54bb-bcf828fea761
2019-10-19 08:07:01,purchase,100026,2002,home.furniture,nova,617.73,500142,6d268b37-8f52-42d3-54bb-bcf828fea761
2019-10-19 08:07:01,view,100012,2004,appliances.kitchen,alpha,88.01,500142,6d268b37-8f52-42d3-54bb-bcf828fea761
2019-10-19 08:08:00,cart,100012,2004,appliances.kitchen,alpha,88.01,500142,6d268b37-8f52-42d3-54bb-bcf828fea761
2019-10-19 08:08:21,purchase,100012,2004,appliances.kitchen,alpha,88.01,500142,6d268b37-8f52-42d3-54bb-bcf828fea761
2019-10-19 08:08:21,view,100028,2004,appliances.kitchen,zen,244.63,500142,6d268b37-8f52-42d3-54bb-bcf828fea761
2019-10-19 08:10:43,cart,100028,2004,appliances.kitchen,zen,244.63,500142,6d268b37-8f52-42d3-54bb-bcf828fea761
2019-10-19 08:12:11,purchase,100028,2004,appliances.kitchen,zen,244.63,500142,6d268b37-8f52-42d3-54bb-bcf828fea761
2019-10-28 01:09:00,view,100021,2005,appliances.kitchen,nova,336.31,500030,7d4ed26e-dcd5-bfae-abb3-16a743299780
2019-10-28 01:09:34,cart,100021,2005,appliances.kitchen,nova,336.31,500030,7d4ed26e-dcd5-bfae-abb3-16a743299780
2019-10-28 01:11:36,view,100039,2007,electronics.smartphone,zen,346.55,500030,7d4ed26e-dcd5-bfae-abb3-16a743299780
2019-10-28 01:12:57,view,100025,2001,apparel.shoes,zen,246.6,500030,7d4ed26e-dcd5-bfae-abb3-16a743299780
2019-10-28 01:15:33,cart,100025,2001,apparel.shoes,zen,246.6,500030,7d4ed26e-dcd5-bfae-abb3-16a743299780
2019-10-28 01:16:12,purchase,100025,2001,apparel.shoes,zen,246.6,500030,7d4ed26e-dcd5-bfae-abb3-16a743299780
2019-10-28 01:16:12,view,100040,2000,apparel.shoes,prime,230.02,500030,7d4ed26e-dcd5-bfae-abb3-16a743299780
2019-10-28 01:17:18,cart,100040,2000,apparel.shoes,prime,230.02,500030,7d4ed26e-dcd5-bfae-abb3-16a743299780
2019-10-28 01:18:09,purchase,100040,2000,apparel.shoes,prime,230.02,500030,7d4ed26e-dcd5-bfae-abb3-16a743299780
2019-10-28 01:18:09,view,100026,2002,home.furniture,nova,617.73,500030,7d4ed26e-dcd5-bfae-abb3-16a743299780
2019-10-08 22:15:00,view,100012,2004,appliances.kitchen,alpha,88.01,500108,623ad0fc-9326-7d25-234b-456298af5cca
2019-10-08 22:17:10,cart,100012,2004,appliances.kitchen,alpha,88.01,500108,623ad0fc-9326-7d25-234b-456298af5cca
2019-10-08 22:18:02,purchase,100012,2004,appliances.kitchen,alpha,88.01,500108,623ad0fc-9326-7d25-234b-456298af5cca
2019-10-08 22:18:02,view,100032,2000,appliances.kitchen,nova,225.73,500108,623ad0fc-9326-7d25-234b-456298af5cca
2019-10-08 22:20:02,view,100035,2003,apparel.shoes,orbit,201.29,500108,623ad0fc-9326-7d25-234b-456298af5cca
2019-10-08 22:21:38,view,100036,2004,electronics.audio.headphone,prime,446.7,500108,623ad0fc-9326-7d25-234b-456298af5cca
2019-10-08 22:23:47,cart,100036,2004,electronics.audio.headphone,prime,446.7,500108,623ad0fc-9326-7d25-234b-456298af5cca
2019-10-02 17:42:00,view,100032,2000,appliances.kitchen,nova,225.73,500127,6a66c184-7de1-bf5d-af48-47f068bd075b
2019-10-02 17:43:01,cart,100032,2000,appliances.kitchen,nova,225.73,500127,6a66c184-7de1-bf5d-af48-47f068bd075b
2019-10-02 17:44:16,purchase,100032,2000,appliances.kitchen,nova,225.73,500127,6a66c184-7de1-bf5d-af48-47f068bd075b
2019-10-02 17:44:16,view,100011,2003,appliances.kitchen,orbit,144.15,500127,6a66c184-7de1-bf5d-af48-47f068bd075b
2019-10-02 17:45:34,cart,100011,2003,appliances.kitchen,orbit,144.15,500127,6a66c184-7de1-bf5d-af48-47f068bd075b
2019-10-02 17:47:36,purchase,100011,2003,appliances.kitchen,orbit,144.15,500127,6a66c184-7de1-bf5d-af48-47f068bd075b
2019-10-02 17:47:36,view,100006,2006,electronics.audio.headphone,prime,543.81,500127,6a66c184-7de1-bf5d-af48-47f068bd075b
2019-10-02 17:49:47,view,100037,2005,electronics.smartphone,alpha,141.79,500127,6a66c184-7de1-bf5d-af48-47f068bd075b
2019-10-26 04:45:00,view,100035,2003,apparel.shoes,orbit,201.29,500069,fdab3441-d2c2-a960-8b09-01abc66dceb3
2019-10-26 04:46:00,view,100003,2003,electronics.smartphone,,667.9,500069,fdab3441-d2c2-a960-8b09-01abc66dceb3
2019-10-26 04:46:31,view,100029,2005,electronics.audio.headphone,prime,789.35,500069,fdab3441-d2c2-a960-8b09-01abc66dceb3
2019-10-06 16:13:00,view,100023,2007,electronics.smartphone,prime,573.31,500077,7321a8b2-0840-405a-ffd2-f491dff389aa
2019-10-06 16:14:05,cart,100023,2007,electronics.smartphone,prime,573.31,500077,7321a8b2-0840-405a-ffd2-f491dff389aa
2019-10-06 16:16:40,view,100006,2006,electronics.audio.headphone,prime,543.81,500077,7321a8b2-0840-405a-ffd2-f491dff389aa
2019-10-06 16:19:21,view,100029,2005,electronics.audio.headphone,prime,789.35,500077,7321a8b2-0840-405a-ffd2-f491dff389aa
2019-10-16 01:30:00,view,100023,2007,electronics.smartphone,prime,573.31,500053,0f321333-ce31-5937-34fa-32b6d0437e4c
2019-10-16 01:31:19,cart,100023,2007,electronics.smartphone,prime,573.31,500053,0f321333-ce31-5937-34fa-32b6d0437e4c
2019-10-16 01:32:32,view,100035,2003,apparel.shoes,orbit,201.29,500053,0f321333-ce31-5937-34fa-32b6d0437e4c
2019-10-16 01:35:30,view,100018,2002,electronics.smartphone,alpha,596.83,500053,0f321333-ce31-5937-34fa-32b6d0437e4c
2019-10-16 01:36:09,view,100039,2007,electronics.smartphone,zen,346.55,500053,0f321333-ce31-5937-34fa-32b6d0437e4c
2019-10-16 01:37:59,view,100011,2003,appliances.kitchen,orbit,144.15,500053,0f321333-ce31-5937-34fa-32b6d0437e4c
2019-10-19 04:56:00,view,100021,2005,appliances.kitchen,nova,336.31,500033,3fead90a-21f8-072d-ddb7-570eb390b059
2019-10-19 04:58:10,cart,100021,2005,appliances.kitchen,nova,336.31,500033,3fead90a-21f8-072d-ddb7-570eb390b059
2019-10-19 05:00:56,purchase,100021,2005,appliances.kitchen,nova,336.31,500033,3fead90a-21f8-072d-ddb7-570eb390b059
2019-10-19 05:00:56,view,100016,2000,apparel.shoes,alpha,499.08,500033,3fead90a-21f8-072d-ddb7-570eb390b059
2019-10-19 05:02:47,cart,100016,2000,apparel.shoes,alpha,499.08,500033,3fead90a-21f8-072d-ddb7-570eb390b059
2019-10-27 19:39:00,view,100030,2006,appliances.kitchen,nova,591.62,500024,4739cc7b-bff3-0c8d-83ff-3e9667213a70
2019-10-27 19:39:05,view,100032,2000,appliances.kitchen,nova,225.73,500024,4739cc7b-bff3-0c8d-83ff-3e9667213a70
2019-10-27 19:39:33,view,100021,2005,appliances.kitchen,nova,336.31,500024,4739cc7b-bff3-0c8d-83ff-3e9667213a70
2019-10-16 00:39:00,view,100026,2002,home.furniture,nova,617.73,500179,cbb18c79-1036-708d-d9a0-90075bb47c18
2019-10-16 00:40:17,cart,100026,2002,home.furniture,nova,617.73,500179,cbb18c79-1036-708d-d9a0-90075bb47c18
2019-10-16 00:42:49,purchase,100026,2002,home.furniture,nova,617.73,500179,cbb18c79-1036-708d-d9a0-90075bb47c18
2019-10-16 00:42:49,view,100014,2006,home.furniture,orbit,727.38,500179,cbb18c79-1036-708d-d9a0-90075bb47c18
2019-10-16 00:44:58,view,100028,2004,appliances.kitchen,zen,244.63,500179,cbb18c79-1036-708d-d9a0-90075bb47c18
2019-10-16 00:47:57,view,100032,2000,appliances.kitchen,nova,225.73,500179,cbb18c79-1036-708d-d9a0-90075bb47c18
2019-10-16 00:48:13,cart,100032,2000,appliances.kitchen,nova,225.73,500179,cbb18c79-1036-708d-d9a0-90075bb47c18
2019-10-16 00:50:15,purchase,100032,2000,appliances.kitchen,nova,225.73,500179,cbb18c79-1036-708d-d9a0-90075bb47c18
2019-10-16 00:50:15,view,100018,2002,electronics.smartphone,alpha,596.83,500179,cbb18c79-1036-708d-d9a0-90075bb47c18
2019-10-16 00:51:00,cart,100018,2002,electronics.smartphone,alpha,596.83,500179,cbb18c79-1036-708d-d9a0-90075bb47c18
2019-10-31 02:59:00,view,100011,2003,appliances.kitchen,orbit,144.15,500177,a6663769-e1d4-6f82-21c5-0e41e8cee951
2019-10-31 03:00:37,cart,100011,2003,appliances.kitchen,orbit,144.15,500177,a6663769-e1d4-6f82-21c5-0e41e8cee951
2019-10-31 03:02:17,view,100018,2002,electronics.smartphone,alpha,596.83,500177,a6663769-e1d4-6f82-21c5-0e41e8cee951
2019-10-31 03:02:35,cart,100018,2002,electronics.smartphone,alpha,596.83,500177,a6663769-e1d4-6f82-21c5-0e41e8cee951
2019-10-31 03:03:58,view,100006,2006,electronics.audio.headphone,prime,543.81,500177,a6663769-e1d4-6f82-21c5-0e41e8cee951
2019-10-24 23:22:00,view,100038,2006,electronics.audio.headphone,,382.83,500025,13f3cade-7a10-013f-36a2-c52b00473139
2019-10-24 23:24:59,cart,100038,2006,electronics.audio.headphone,,382.83,500025,13f3cade-7a10-013f-36a2-c52b00473139
2019-10-24 23:25:06,view,100015,2007,apparel.shoes,prime,116.72,500025,13f3cade-7a10-013f-36a2-c52b00473139
2019-10-15 14:15:00,view,100007,2007,home.furniture,nova,645.84,500123,16de66c9-6210-def6-3a9c-43081221cddf
2019-10-25 11:27:00,view,100010,2002,electronics.smartphone,nova,629.83,500036,c0cef31b-d038-e153-c601-818b61fa01ba
2019-10-25 11:29:29,cart,100010,2002,electronics.smartphone,nova,629.83,500036,c0cef31b-d038-e153-c601-818b61fa01ba
2019-10-25 11:32:20,purchase,100010,2002,electronics.smartphone,nova,629.83,500036,c0cef31b-d038-e153-c601-818b61fa01ba
2019-10-25 11:32:20,view,100005,2005,electronics.smartphone,alpha,88.86,500036,c0cef31b-d038-e153-c601-818b61fa01ba
2019-10-06 22:31:00,view,100029,2005,electronics.audio.headphone,prime,789.35,500161,6965d1d1-eb7e-2e64-26c0-747ebf8e8bfa
2019-10-06 22:33:35,view,100014,2006,home.furniture,orbit,727.38,500161,6965d1d1-eb7e-2e64-26c0-747ebf8e8bfa
2019-10-06 22:35:09,view,100006,2006,electronics.audio.headphone,prime,543.81,500161,6965d1d1-eb7e-2e64-26c0-747ebf8e8bfa
2019-10-06 22:36:34,view,100007,2007,home.furniture,nova,645.84,500161,6965d1d1-eb7e-2e64-26c0-747ebf8e8bfa
2019-10-06 22:37:42,cart,100007,2007,home.furniture,nova,645.84,500161,6965d1d1-eb7e-2e64-26c0-747ebf8e8bfa
2019-10-06 22:38:08,purchase,100007,2007,home.furniture,nova,645.84,500161,6965d1d1-eb7e-2e64-26c0-747ebf8e8bfa
2019-10-06 22:38:08,view,100009,2001,home.furniture,orbit,729.44,500161,6965d1d1-eb7e-2e64-26c0-747ebf8e8bfa
2019-10-10 16:24:00,view,100020,2004,electronics.smartphone,zen,253.79,500156,b0c30a59-f0f7-ad22-c76a-8e0f48f091f0
2019-10-23 20:32:00,view,100016,2000,apparel.shoes,alpha,499.08,500049,a56b61e0-4ba8-a4ca-6449-cb6fbf72ae52
2019-10-23 20:33:43,cart,100016,2000,apparel.shoes,alpha,499.08,500049,a56b61e0-4ba8-a4ca-6449-cb6fbf72ae52
2019-10-23 20:35:55,remove_from_cart,100016,2000,apparel.shoes,alpha,499.08,500049,a56b61e0-4ba8-a4ca-6449-cb6fbf72ae52
2019-10-20 11:41:00,view,100025,2001,apparel.shoes,zen,246.6,500004,51045a16-ef15-ab72-5c70-ee97fca45567
2019-10-20 11:42:38,view,100037,2005,electronics.smartphone,alpha,141.79,500004,51045a16-ef15-ab72-5c70-ee97fca45567
2019-10-19 10:41:00,view,100014,2006,home.furniture,orbit,727.38,500019,0387f74d-1149-d096-965d-744f0445c1a8
2019-10-19 10:43:14,cart,100014,2006,home.furniture,orbit,727.38,500019,0387f74d-1149-d096-965d-744f0445c1a8
2019-10-19 10:45:27,view,100003,2003,electronics.smartphone,,667.9,500019,0387f74d-1149-d096-965d-744f0445c1a8
2019-10-19 10:47:14,cart,100003,2003,electronics.smartphone,,667.9,500019,0387f74d-1149-d096-965d-744f0445c1a8
2019-10-19 10:49:36,purchase,100003,2003,electronics.smartphone,,667.9,500019,0387f74d-1149-d096-965d-744f0445c1a8
2019-10-19 10:49:36,view,100004,2004,home.furniture,alpha,533.49,500019,0387f74d-1149-d096-965d-744f0445c1a8
2019-10-19 10:50:20,cart,100004,2004,home.furniture,alpha,533.49,500019,0387f74d-1149-d096-965d-744f0445c1a8
2019-10-19 10:51:44,purchase,100004,2004,home.furniture,alpha,533.49,500019,0387f74d-1149-d096-965d-744f0445c1a8
2019-10-15 10:47:00,view,100026,2002,home.furniture,nova,617.73,500053,8950ddd6-27c6-cbb1-cedd-069df96c9a0a
2019-10-15 10:48:56,view,100038,2006,electronics.audio.headphone,,382.83,500053,8950ddd6-27c6-cbb1-cedd-069df96c9a0a
2019-10-15 10:50:02,cart,100038,2006,electronics.audio.headphone,,382.83,500053,8950ddd6-27c6-cbb1-cedd-069df96c9a0a
2019-10-15 10:50:29,remove_from_cart,100038,2006,electronics.audio.headphone,,382.83,500053,8950ddd6-27c6-cbb1-cedd-069df96c9a0a
2019-10-15 10:50:29,view,100005,2005,electronics.smartphone,alpha,88.86,500053,8950ddd6-27c6-cbb1-cedd-069df96c9a0a
2019-10-07 13:52:00,view,100008,2000,home.furniture,zen,202.29,500080,bd9bc648-a876-1e85-bddf-a03aaa8430f8
2019-10-07 13:52:07,cart,100008,2000,home.furniture,zen,202.29,500080,bd9bc648-a876-1e85-bddf-a03aaa8430f8
2019-10-07 13:53:40,purchase,100008,2000,home.furniture,zen,202.29,500080,bd9bc648-a876-1e85-bddf-a03aaa8430f8
2019-10-07 13:53:40,view,100001,2001,electronics.smartphone,alpha,668.69,500080,bd9bc648-a876-1e85-bddf-a03aaa8430f8
2019-10-07 13:54:51,cart,100001,2001,electronics.smartphone,alpha,668.69,500080,bd9bc648-a876-1e85-bddf-a03aaa8430f8
2019-10-27 13:51:00,view,100018,2002,electronics.smartphone,alpha,596.83,500031,55c34853-0783-e43c-e65f-ad87c57c7498
2019-10-27 13:53:45,cart,100018,2002,electronics.smartphone,alpha,596.83,500031,55c34853-0783-e43c-e65f-ad87c57c7498
2019-10-27 13:55:46,purchase,100018,2002,electronics.smartphone,alpha,596.83,500031,55c34853-0783-e43c-e65f-ad87c57c7498
2019-10-27 13:55:46,view,100034,2002,home.furniture,zen,808.55,500031,55c34853-0783-e43c-e65f-ad87c57c7498
2019-10-27 13:56:05,view,100005,2005,electronics.smartphone,alpha,88.86,500031,55c34853-0783-e43c-e65f-ad87c57c7498
2019-10-27 13:58:35,cart,100005,2005,electronics.smartphone,alpha,88.86,500031,55c34853-0783-e43c-e65f-ad87c57c7498
2019-10-27 13:59:20,purchase,100005,2005,electronics.smartphone,alpha,88.86,500031,55c34853-0783-e43c-e65f-ad87c57c7498
2019-10-27 13:59:20,view,100017,2001,home.furniture,orbit,521.73,500031,55c34853-0783-e43c-e65f-ad87c57c7498
2019-10-18 18:18:00,view,100001,2001,electronics.smartphone,alpha,668.69,500173,bda3c162-3a78-b64a-1d86-80cbb90800f3
2019-10-18 18:18:43,cart,100001,2001,electronics.smartphone,alpha,668.69,500173,bda3c162-3a78-b64a-1d86-80cbb90800f3
2019-10-18 18:18:57,purchase,100001,2001,electronics.smartphone,alpha,668.69,500173,bda3c162-3a78-b64a-1d86-80cbb90800f3
2019-10-18 18:18:57,view,100003,2003,electronics.smartphone,,667.9,500173,bda3c162-3a78-b64a-1d86-80cbb90800f3
2019-10-18 18:21:49,cart,100003,2003,electronics.smartphone,,667.9,500173,bda3c162-3a78-b64a-1d86-80cbb90800f3
2019-10-18 18:23:16,purchase,100003,2003,electronics.smartphone,,667.9,500173,bda3c162-3a78-b64a-1d86-80cbb90800f3
2019-10-18 18:23:16,view,100016,2000,apparel.shoes,alpha,499.08,500173,bda3c162-3a78-b64a-1d86-80cbb90800f3
2019-10-18 18:24:42,cart,100016,2000,apparel.shoes,alpha,499.08,500173,bda3c162-3a78-b64a-1d86-80cbb90800f3
2019-10-18 18:25:06,purchase,100016,2000,apparel.shoes,alpha,499.08,500173,bda3c162-3a78-b64a-1d86-80cbb90800f3
2019-10-18 18:25:06,view,100031,2007,apparel.shoes,,415.67,500173,bda3c162-3a78-b64a-1d86-80cbb90800f3
2019-10-18 18:25:41,view,100024,2000,home.furniture,,224.11,500173,bda3c162-3a78-b64a-1d86-80cbb90800f3
2019-10-18 18:25:59,cart,100024,2000,home.furniture,,224.11,500173,bda3c162-3a78-b64a-1d86-80cbb90800f3
2019-10-22 02:53:00,view,100021,2005,appliances.kitchen,nova,336.31,500018,48454343-ddb4-49dc-7710-6966e0827f76
2019-10-22 02:53:07,cart,100021,2005,appliances.kitchen,nova,336.31,500018,48454343-ddb4-49dc-7710-6966e0827f76
2019-10-22 02:54:26,purchase,100021,2005,appliances.kitchen,nova,336.31,500018,48454343-ddb4-49dc-7710-6966e0827f76
2019-10-22 02:54:26,view,100006,2006,electronics.audio.headphone,prime,543.81,500018,48454343-ddb4-49dc-7710-6966e0827f76
2019-10-22 02:55:48,view,100036,2004,electronics.audio.headphone,prime,446.7,500018,48454343-ddb4-49dc-7710-6966e0827f76
2019-10-22 02:56:55,cart,100036,2004,electronics.audio.headphone,prime,446.7,500018,48454343-ddb4-49dc-7710-6966e0827f76
2019-10-19 23:52:00,view,100010,2002,electronics.smartphone,nova,629.83,500051,c2aef674-8beb-4e78-e683-73a3bb82b796
2019-10-19 23:52:11,cart,100010,2002,electronics.smartphone,nova,629.83,500051,c2aef674-8beb-4e78-e683-73a3bb82b796
2019-10-19 23:53:44,view,100001,2001,electronics.smartphone,alpha,668.69,500051,c2aef674-8beb-4e78-e683-73a3bb82b796
2019-10-12 04:08:00,view,100007,2007,home.furniture,nova,645.84,500001,d95874c2-6053-8c1b-a845-10a1c2492e5e
2019-10-12 04:09:52,view,100014,2006,home.furniture,orbit,727.38,500001,d95874c2-6053-8c1b-a845-10a1c2492e5e
2019-10-12 04:10:12,view,100034,2002,home.furniture,zen,808.55,500001,d95874c2-6053-8c1b-a845-10a1c2492e5e
2019-10-05 16:23:00,view,100027,2003,electronics.smartphone,nova,740.51,500024,e5b4a1ae-3b41-c943-ebd8-a3b10b3d0c36
2019-10-05 16:25:14,cart,100027,2003,electronics.smartphone,nova,740.51,500024,e5b4a1ae-3b41-c943-ebd8-a3b10b3d0c36
2019-10-05 16:26:59,purchase,100027,2003,electronics.smartphone,nova,740.51,500024,e5b4a1ae-3b41-c943-ebd8-a3b10b3d0c36
2019-10-05 16:26:59,view,100024,2000,home.furniture,,224.11,500024,e5b4a1ae-3b41-c943-ebd8-a3b10b3d0c36
2019-10-05 16:29:29,cart,100024,2000,home.furniture,,224.11,500024,e5b4a1ae-3b41-c943-ebd8-a3b10b3d0c36
2019-10-05 16:32:23,view,100030,2006,appliances.kitchen,nova,591.62,500024,e5b4a1ae-3b41-c943-ebd8-a3b10b3d0c36
2019-10-05 16:33:34,view,100006,2006,electronics.audio.headphone,prime,543.81,500024,e5b4a1ae-3b41-c943-ebd8-a3b10b3d0c36
2019-10-05 16:35:19,view,100038,2006,electronics.audio.headphone,,382.83,500024,e5b4a1ae-3b41-c943-ebd8-a3b10b3d0c36
2019-10-05 16:36:47,cart,100038,2006,electronics.audio.headphone,,382.83,500024,e5b4a1ae-3b41-c943-ebd8-a3b10b3d0c36
2019-10-05 16:38:01,purchase,100038,2006,electronics.audio.headphone,,382.83,500024,e5b4a1ae-3b41-c943-ebd8-a3b10b3d0c36
2019-10-06 03:24:00,view,100010,2002,electronics.smartphone,nova,629.83,500052,95af6d0c-c528-5425-c7a9-f33c22d839d3
2019-10-06 03:24:47,cart,100010,2002,electronics.smartphone,nova,629.83,500052,95af6d0c-c528-5425-c7a9-f33c22d839d3
2019-10-06 03:26:12,purchase,100010,2002,electronics.smartphone,nova,629.83,500052,95af6d0c-c528-5425-c7a9-f33c22d839d3
2019-10-05 10:45:00,view,100020,2004,electronics.smartphone,zen,253.79,500138,3527a5c8-c534-ca08-f6f2-4d1c5bb8b9c8
2019-10-05 10:45:45,view,100030,2006,appliances.kitchen,nova,591.62,500138,3527a5c8-c534-ca08-f6f2-4d1c5bb8b9c8
2019-10-05 10:47:07,view,100017,2001,home.furniture,orbit,521.73,500138,3527a5c8-c534-ca08-f6f2-4d1c5bb8b9c8
2019-10-05 10:49:46,cart,100017,2001,home.furniture,orbit,521.73,500138,3527a5c8-c534-ca08-f6f2-4d1c5bb8b9c8
2019-10-05 10:51:14,purchase,100017,2001,home.furniture,orbit,521.73,500138,3527a5c8-c534-ca08-f6f2-4d1c5bb8b9c8
2019-10-05 10:51:14,view,100008,2000,home.furniture,zen,202.29,500138,3527a5c8-c534-ca08-f6f2-4d1c5bb8b9c8
2019-10-21 21:55:00,view,100012,2004,appliances.kitchen,alpha,88.01,500102,4c80d33a-ad5b-e3c8-0c88-0714837217e0
2019-10-21 21:57:27,view,100002,2002,electronics.audio.headphone,nova,129.89,500102,4c80d33a-ad5b-e3c8-0c88-0714837217e0
2019-10-21 21:58:35,cart,100002,2002,electronics.audio.headphone,nova,129.89,500102,4c80d33a-ad5b-e3c8-0c88-0714837217e0
2019-10-21 21:59:06,remove_from_cart,100002,2002,electronics.audio.headphone,nova,129.89,500102,4c80d33a-ad5b-e3c8-0c88-0714837217e0
2019-10-21 21:59:06,view,100026,2002,home.furniture,nova,617.73,500102,4c80d33a-ad5b-e3c8-0c88-0714837217e0
2019-10-21 21:59:14,cart,100026,2002,home.furniture,nova,617.73,500102,4c80d33a-ad5b-e3c8-0c88-0714837217e0
2019-10-21 22:00:15,purchase,100026,2002,home.furniture,nova,617.73,500102,4c80d33a-ad5b-e3c8-0c88-0714837217e0
2019-10-28 00:11:00,view,100038,2006,electronics.audio.headphone,,382.83,500103,f004e897-a15b-2e18-afb0-64065f4b1a97
2019-10-03 06:38:00,view,100009,2001,home.furniture,orbit,729.44,500020,329fc417-1081-3d45-ff45-f8a20594b24f
2019-10-03 06:40:03,cart,100009,2001,home.furniture,orbit,729.44,500020,329fc417-1081-3d45-ff45-f8a20594b24f
2019-10-03 06:42:34,purchase,100009,2001,home.furniture,orbit,729.44,500020,329fc417-1081-3d45-ff45-f8a20594b24f
2019-10-03 06:42:34,view,100006,2006,electronics.audio.headphone,prime,543.81,500020,329fc417-1081-3d45-ff45-f8a20594b24f
2019-10-03 06:44:20,view,100022,2006,electronics.audio.headphone,,243.95,500020,329fc417-1081-3d45-ff45-f8a20594b24f
2019-10-03 06:46:02,view,100008,2000,home.furniture,zen,202.29,500020,329fc417-1081-3d45-ff45-f8a20594b24f
2019-10-03 06:46:51,cart,100008,2000,home.furniture,zen,202.29,500020,329fc417-1081-3d45-ff45-f8a20594b24f
2019-10-03 06:47:43,purchase,100008,2000,home.furniture,zen,202.29,500020,329fc417-1081-3d45-ff45-f8a20594b24f
2019-10-26 09:29:00,view,100040,2000,apparel.shoes,prime,230.02,500115,9d3616a1-08de-c921-260c-b547e2280fe3
2019-10-26 09:31:07,cart,100040,2000,apparel.shoes,prime,230.02,500115,9d3616a1-08de-c921-260c-b547e2280fe3
2019-10-26 09:32:23,purchase,100040,2000,apparel.shoes,prime,230.02,500115,9d3616a1-08de-c921-260c-b547e2280fe3
2019-10-26 09:32:23,view,100016,2000,apparel.shoes,alpha,499.08,500115,9d3616a1-08de-c921-260c-b547e2280fe3
2019-10-26 09:34:15,cart,100016,2000,apparel.shoes,alpha,499.08,500115,9d3616a1-08de-c921-260c-b547e2280fe3
2019-10-26 09:36:34,purchase,100016,2000,apparel.shoes,alpha,499.08,500115,9d3616a1-08de-c921-260c-b547e2280fe3
2019-10-26 09:36:34,view,100019,2003,appliances.kitchen,alpha,770.51,500115,9d3616a1-08de-c921-260c-b547e2280fe3
2019-10-26 09:38:58,view,100032,2000,appliances.kitchen,nova,225.73,500115,9d3616a1-08de-c921-260c-b547e2280fe3
2019-10-26 09:40:40,view,100027,2003,electronics.smartphone,nova,740.51,500115,9d3616a1-08de-c921-260c-b547e2280fe3
2019-10-26 09:42:16,cart,100027,2003,electronics.smartphone,nova,740.51,500115,9d3616a1-08de-c921-260c-b547e2280fe3
2019-10-26 09:44:25,purchase,100027,2003,electronics.smartphone,nova,740.51,500115,9d3616a1-08de-c921-260c-b547e2280fe3
2019-10-28 12:12:00,view,100002,2002,electronics.audio.headphone,nova,129.89,500145,453b45fe-636c-f499-5254-aad3809cd839
2019-10-28 12:13:01,cart,100002,2002,electronics.audio.headphone,nova,129.89,500145,453b45fe-636c-f499-5254-aad3809cd839
2019-10-28 12:14:17,purchase,100002,2002,electronics.audio.headphone,nova,129.89,500145,453b45fe-636c-f499-5254-aad3809cd839
2019-10-28 12:14:17,view,100021,2005,appliances.kitchen,nova,336.31,500145,453b45fe-636c-f499-5254-aad3809cd839
2019-10-31 05:28:00,view,100016,2000,apparel.shoes,alpha,499.08,500150,28dd2bfd-f956-be95-3b96-4c74ffe62994
2019-10-31 05:29:06,cart,100016,2000,apparel.shoes,alpha,499.08,500150,28dd2bfd-f956-be95-3b96-4c74ffe62994
2019-10-15 19:20:00,view,100012,2004,appliances.kitchen,alpha,88.01,500148,636fa890-cc21-cbdb-fb8f-e8c4d8b48ead
2019-10-15 19:21:36,view,100016,2000,apparel.shoes,alpha,499.08,500148,636fa890-cc21-cbdb-fb8f-e8c4d8b48ead
2019-10-15 19:21:48,view,100038,2006,electronics.audio.headphone,,382.83,500148,636fa890-cc21-cbdb-fb8f-e8c4d8b48ead
2019-10-03 01:27:00,view,100035,2003,apparel.shoes,orbit,201.29,500145,303014d0-f2c8-4743-9027-e7702460d0d2
2019-10-03 01:27:28,cart,100035,2003,apparel.shoes,orbit,201.29,500145,303014d0-f2c8-4743-9027-e7702460d0d2
2019-10-03 01:30:07,purchase,100035,2003,apparel.shoes,orbit,201.29,500145,303014d0-f2c8-4743-9027-e7702460d0d2
2019-10-03 01:30:07,view,100020,2004,electronics.smartphone,zen,253.79,500145,303014d0-f2c8-4743-9027-e7702460d0d2
2019-10-03 01:32:26,cart,100020,2004,electronics.smartphone,zen,253.79,500145,303014d0-f2c8-4743-9027-e7702460d0d2
2019-10-03 01:33:55,remove_from_cart,100020,2004,electronics.smartphone,zen,253.79,500145,303014d0-f2c8-4743-9027-e7702460d0d2
2019-10-03 01:33:55,view,100012,2004,appliances.kitchen,alpha,88.01,500145,303014d0-f2c8-4743-9027-e7702460d0d2
2019-10-03 01:34:33,cart,100012,2004,appliances.kitchen,alpha,88.01,500145,303014d0-f2c8-4743-9027-e7702460d0d2
2019-10-03 01:35:23,view,100032,2000,appliances.kitchen,nova,225.73,500145,303014d0-f2c8-4743-9027-e7702460d0d2
2019-10-03 01:36:50,cart,100032,2000,appliances.kitchen,nova,225.73,500145,303014d0-f2c8-4743-9027-e7702460d0d2
2019-10-19 08:05:00,view,100024,2000,home.furniture,,224.11,500029,5d696bc8-dc54-d59b-86bb-42c7d8b2f8b6
2019-10-19 08:07:35,cart,100024,2000,home.furniture,,224.11,500029,5d696bc8-dc54-d59b-86bb-42c7d8b2f8b6
2019-10-19 08:08:57,purchase,100024,2000,home.furniture,,224.11,500029,5d696bc8-dc54-d59b-86bb-42c7d8b2f8b6
2019-10-17 13:44:00,view,100021,2005,appliances.kitchen,nova,336.31,500041,cab63107-6fd6-9b3a-f2dd-9456bb7b6c05
2019-10-17 13:45:02,view,100012,2004,appliances.kitchen,alpha,88.01,500041,cab63107-6fd6-9b3a-f2dd-9456bb7b6c05
2019-10-17 13:45:51,cart,100012,2004,appliances.kitchen,alpha,88.01,500041,cab63107-6fd6-9b3a-f2dd-9456bb7b6c05
2019-10-17 13:47:11,purchase,100012,2004,appliances.kitchen,alpha,88.01,500041,cab63107-6fd6-9b3a-f2dd-9456bb7b6c05
2019-10-17 13:47:11,view,100036,2004,electronics.audio.headphone,prime,446.7,500041,cab63107-6fd6-9b3a-f2dd-9456bb7b6c05
2019-10-17 13:47:16,view,100040,2000,apparel.shoes,prime,230.02,500041,cab63107-6fd6-9b3a-f2dd-9456bb7b6c05
2019-10-17 13:49:47,cart,100040,2000,apparel.shoes,prime,230.02,500041,cab63107-6fd6-9b3a-f2dd-9456bb7b6c05
2019-10-17 13:52:17,purchase,100040,2000,apparel.shoes,prime,230.02,500041,cab63107-6fd6-9b3a-f2dd-9456bb7b6c05
2019-10-16 09:43:00,view,100015,2007,apparel.shoes,prime,116.72,500155,f7b02805-cf0d-f860-ebc9-29145176a9d1
2019-10-16 09:43:24,cart,100015,2007,apparel.shoes,prime,116.72,500155,f7b02805-cf0d-f860-ebc9-29145176a9d1
2019-10-16 09:44:50,purchase,100015,2007,apparel.shoes,prime,116.72,500155,f7b02805-cf0d-f860-ebc9-29145176a9d1
2019-10-16 09:44:50,view,100037,2005,electronics.smartphone,alpha,141.79,500155,f7b02805-cf0d-f860-ebc9-29145176a9d1
2019-10-16 09:45:17,view,100007,2007,home.furniture,nova,645.84,500155,f7b02805-cf0d-f860-ebc9-29145176a9d1
2019-10-16 09:48:13,view,100032,2000,appliances.kitchen,nova,225.73,500155,f7b02805-cf0d-f860-ebc9-29145176a9d1
2019-10-16 09:49:43,cart,100032,2000,appliances.kitchen,nova,225.73,500155,f7b02805-cf0d-f860-ebc9-29145176a9d1
2019-10-16 09:50:55,purchase,100032,2000,appliances.kitchen,nova,225.73,500155,f7b02805-cf0d-f860-ebc9-29145176a9d1
2019-10-16 09:50:55,view,100010,2002,electronics.smartphone,nova,629.83,500155,f7b02805-cf0d-f860-ebc9-29145176a9d1
2019-10-16 09:51:17,cart,100010,2002,electronics.smartphone,nova,629.83,500155,f7b02805-cf0d-f860-ebc9-29145176a9d1
2019-10-16 09:51:49,remove_from_cart,100010,2002,electronics.smartphone,nova,629.83,500155,f7b02805-cf0d-f860-ebc9-29145176a9d1
2019-10-18 09:58:00,view,100032,2000,appliances.kitchen,nova,225.73,500113,2a9527f6-f817-0ebf-6b6e-64c5bb8aa843
2019-10-18 09:58:30,view,100025,2001,apparel.shoes,zen,246.6,500113,2a9527f6-f817-0ebf-6b6e-64c5bb8aa843
2019-10-18 10:01:02,view,100023,2007,electronics.smartphone,prime,573.31,500113,2a9527f6-f817-0ebf-6b6e-64c5bb8aa843
2019-10-18 10:04:02,cart,100023,2007,electronics.smartphone,prime,573.31,500113,2a9527f6-f817-0ebf-6b6e-64c5bb8aa843
2019-10-18 10:06:02,purchase,100023,2007,electronics.smartphone,prime,573.31,500113,2a9527f6-f817-0ebf-6b6e-64c5bb8aa843
2019-10-18 10:06:02,view,100035,2003,apparel.shoes,orbit,201.29,500113,2a9527f6-f817-0ebf-6b6e-64c5bb8aa843
2019-10-18 10:06:15,cart,100035,2003,apparel.shoes,orbit,201.29,500113,2a9527f6-f817-0ebf-6b6e-64c5bb8aa843
2019-10-18 10:07:41,purchase,100035,2003,apparel.shoes,orbit,201.29,500113,2a9527f6-f817-0ebf-6b6e-64c5bb8aa843
2019-10-16 17:07:00,view,100011,2003,appliances.kitchen,orbit,144.15,500027,e34f76b4-2b8c-03bf-5780-be1712fecc2b
2019-10-16 17:09:37,view,100005,2005,electronics.smartphone,alpha,88.86,500027,e34f76b4-2b8c-03bf-5780-be1712fecc2b
2019-10-16 17:11:45,view,100036,2004,electronics.audio.headphone,prime,446.7,500027,e34f76b4-2b8c-03bf-5780-be1712fecc2b
2019-10-16 17:13:40,view,100006,2006,electronics.audio.headphone,prime,543.81,500027,e34f76b4-2b8c-03bf-5780-be1712fecc2b
2019-10-26 13:14:00,view,100013,2005,electronics.smartphone,orbit,763.51,500112,54c29d5c-19ec-0829-0db5-d4412837f418
2019-10-26 13:16:23,cart,100013,2005,electronics.smartphone,orbit,763.51,500112,54c29d5c-19ec-0829-0db5-d4412837f418
2019-10-26 13:17:40,purchase,100013,2005,electronics.smartphone,orbit,763.51,500112,54c29d5c-19ec-0829-0db5-d4412837f418
2019-10-26 13:17:40,view,100027,2003,electronics.smartphone,nova,740.51,500112,54c29d5c-19ec-0829-0db5-d4412837f418
2019-10-26 13:18:09,cart,100027,2003,electronics.smartphone,nova,740.51,500112,54c29d5c-19ec-0829-0db5-d4412837f418
2019-10-26 13:20:40,purchase,100027,2003,electronics.smartphone,nova,740.51,500112,54c29d5c-19ec-0829-0db5-d4412837f418
2019-10-10 10:05:00,view,100006,2006,electronics.audio.headphone,prime,543.81,500126,00fa0eb4-5c5f-48d4-0df4-07b82751ab86
2019-10-10 10:05:29,cart,100006,2006,electronics.audio.headphone,prime,543.81,500126,00fa0eb4-5c5f-48d4-0df4-07b82751ab86
2019-10-10 10:06:17,view,100019,2003,appliances.kitchen,alpha,770.51,500126,00fa0eb4-5c5f-48d4-0df4-07b82751ab86
2019-10-10 10:08:23,view,100039,2007,electronics.smartphone,zen,346.55,500126,00fa0eb4-5c5f-48d4-0df4-07b82751ab86
2019-10-10 10:09:46,view,100031,2007,apparel.shoes,,415.67,500126,00fa0eb4-5c5f-48d4-0df4-07b82751ab86
2019-10-03 08:44:00,view,100012,2004,appliances.kitchen,alpha,88.01,500170,8b4bd7e7-a451-5ae0-1754-bf0843d75413
2019-10-03 08:45:12,cart,100012,2004,appliances.kitchen,alpha,88.01,500170,8b4bd7e7-a451-5ae0-1754-bf0843d75413
2019-10-03 08:46:24,purchase,100012,2004,appliances.kitchen,alpha,88.01,500170,8b4bd7e7-a451-5ae0-1754-bf0843d75413
2019-10-03 08:46:24,view,100024,2000,home.furniture,,224.11,500170,8b4bd7e7-a451-5ae0-1754-bf0843d75413
2019-10-03 08:47:37,view,100025,2001,apparel.shoes,zen,246.6,500170,8b4bd7e7-a451-5ae0-1754-bf0843d75413
2019-10-03 08:48:20,view,100029,2005,electronics.audio.headphone,prime,789.35,500170,8b4bd7e7-a451-5ae0-1754-bf0843d75413
2019-10-03 08:51:15,cart,100029,2005,electronics.audio.headphone,prime,789.35,500170,8b4bd7e7-a451-5ae0-1754-bf0843d75413
2019-10-03 08:54:11,purchase,100029,2005,electronics.audio.headphone,prime,789.35,500170,8b4bd7e7-a451-5ae0-1754-bf0843d75413
2019-10-18 22:49:00,view,100036,2004,electronics.audio.headphone,prime,446.7,500139,96f84ff7-c1a7-2883-f880-287869fb0763
2019-10-18 22:51:18,cart,100036,2004,electronics.audio.headphone,prime,446.7,500139,96f84ff7-c1a7-2883-f880-287869fb0763
2019-10-18 22:53:40,view,100004,2004,home.furniture,alpha,533.49,500139,96f84ff7-c1a7-2883-f880-287869fb0763
2019-10-27 07:55:00,view,100033,2001,home.furniture,prime,240.15,500122,e71c681a-6511-e61a-1436-65f54c819260
2019-10-07 01:49:00,view,100012,2004,appliances.kitchen,alpha,88.01,500174,1ecacae9-25bf-213d-9eca-381bfb95d0fc
2019-10-07 01:49:15,cart,100012,2004,appliances.kitchen,alpha,88.01,500174,1ecacae9-25bf-213d-9eca-381bfb95d0fc
2019-10-07 01:52:14,purchase,100012,2004,appliances.kitchen,alpha,88.01,500174,1ecacae9-25bf-213d-9eca-381bfb95d0fc
2019-10-07 01:52:14,view,100011,2003,appliances.kitchen,orbit,144.15,500174,1ecacae9-25bf-213d-9eca-381bfb95d0fc
2019-10-07 01:54:59,cart,100011,2003,appliances.kitchen,orbit,144.15,500174,1ecacae9-25bf-213d-9eca-381bfb95d0fc
2019-10-07 01:57:36,purchase,100011,2003,appliances.kitchen,orbit,144.15,500174,1ecacae9-25bf-213d-9eca-381bfb95d0fc
2019-10-07 01:57:36,view,100014,2006,home.furniture,orbit,727.38,500174,1ecacae9-25bf-213d-9eca-381bfb95d0fc
2019-10-07 01:57:58,cart,100014,2006,home.furniture,orbit,727.38,500174,1ecacae9-25bf-213d-9eca-381bfb95d0fc
2019-10-07 02:00:25,purchase,100014,2006,home.furniture,orbit,727.38,500174,1ecacae9-25bf-213d-9eca-381bfb95d0fc
2019-10-07 02:00:25,view,100013,2005,electronics.smartphone,orbit,763.51,500174,1ecacae9-25bf-213d-9eca-381bfb95d0fc
2019-10-08 01:52:00,view,100038,2006,electronics.audio.headphone,,382.83,500134,032a461a-df9b-7c1f-eacb-1f6d7549c9f9
2019-10-08 01:54:30,view,100034,2002,home.furniture,zen,808.55,500134,032a461a-df9b-7c1f-eacb-1f6d7549c9f9
2019-10-08 01:55:00,view,100027,2003,electronics.smartphone,nova,740.51,500134,032a461a-df9b-7c1f-eacb-1f6d7549c9f9
2019-10-08 01:57:29,view,100008,2000,home.furniture,zen,202.29,500134,032a461a-df9b-7c1f-eacb-1f6d7549c9f9
2019-10-08 01:58:47,view,100010,2002,electronics.smartphone,nova,629.83,500134,032a461a-df9b-7c1f-eacb-1f6d7549c9f9
2019-10-07 21:07:00,view,100031,2007,apparel.shoes,,415.67,500068,92701d60-7c4f-48e4-a7a0-2a3d620f230b
2019-10-07 21:09:43,view,100003,2003,electronics.smartphone,,667.9,500068,92701d60-7c4f-48e4-a7a0-2a3d620f230b
2019-10-07 21:11:30,cart,100003,2003,electronics.smartphone,,667.9,500068,92701d60-7c4f-48e4-a7a0-2a3d620f230b
2019-10-07 21:12:59,remove_from_cart,100003,2003,electronics.smartphone,,667.9,500068,92701d60-7c4f-48e4-a7a0-2a3d620f230b
2019-10-07 21:12:59,view,100012,2004,appliances.kitchen,alpha,88.01,500068,92701d60-7c4f-48e4-a7a0-2a3d620f230b
2019-10-07 21:15:05,view,100018,2002,electronics.smartphone,alpha,596.83,500068,92701d60-7c4f-48e4-a7a0-2a3d620f230b
2019-10-07 21:16:45,cart,100018,2002,electronics.smartphone,alpha,596.83,500068,92701d60-7c4f-48e4-a7a0-2a3d620f230b
2019-10-07 21:18:07,purchase,100018,2002,electronics.smartphone,alpha,596.83,500068,92701d60-7c4f-48e4-a7a0-2a3d620f230b
2019-10-07 21:18:07,view,100026,2002,home.furniture,nova,617.73,500068,92701d60-7c4f-48e4-a7a0-2a3d620f230b
2019-10-15 22:28:00,view,100020,2004,electronics.smartphone,zen,253.79,500176,3a5b6ac5-de70-3b72-f8f5-8a261924c644
2019-10-15 22:29:13,view,100029,2005,electronics.audio.headphone,prime,789.35,500176,3a5b6ac5-de70-3b72-f8f5-8a261924c644
2019-10-24 18:48:00,view,100032,2000,appliances.kitchen,nova,225.73,500049,d2efa93b-e9d6-bb7e-361d-b014711456de
2019-10-24 18:48:45,cart,100032,2000,appliances.kitchen,nova,225.73,500049,d2efa93b-e9d6-bb7e-361d-b014711456de
2019-10-24 18:50:59,purchase,100032,2000,appliances.kitchen,nova,225.73,500049,d2efa93b-e9d6-bb7e-361d-b014711456de
2019-10-24 18:50:59,view,100034,2002,home.furniture,zen,808.55,500049,d2efa93b-e9d6-bb7e-361d-b014711456de
2019-10-24 18:53:18,view,100024,2000,home.furniture,,224.11,500049,d2efa93b-e9d6-bb7e-361d-b014711456de
2019-10-24 18:53:30,cart,100024,2000,home.furniture,,224.11,500049,d2efa93b-e9d6-bb7e-361d-b014711456de
2019-10-24 18:54:26,view,100004,2004,home.furniture,alpha,533.49,500049,d2efa93b-e9d6-bb7e-361d-b014711456de
2019-10-24 18:56:27,cart,100004,2004,home.furniture,alpha,533.49,500049,d2efa93b-e9d6-bb7e-361d-b014711456de
2019-10-12 08:15:00,view,100002,2002,electronics.audio.headphone,nova,129.89,500119,ec4e8cbb-a2aa-378c-659e-0258814ff657
2019-10-14 07:22:00,view,100036,2004,electronics.audio.headphone,prime,446.7,500115,797e3984-ded7-d3ef-f5e4-a9c12d761ffa
2019-10-14 07:22:12,cart,100036,2004,electronics.audio.headphone,prime,446.7,500115,797e3984-ded7-d3ef-f5e4-a9c12d761ffa
2019-10-14 07:22:58,view,100023,2007,electronics.smartphone,prime,573.31,500115,797e3984-ded7-d3ef-f5e4-a9c12d761ffa
2019-10-14 07:23:57,view,100011,2003,appliances.kitchen,orbit,144.15,500115,797e3984-ded7-d3ef-f5e4-a9c12d761ffa
2019-10-14 07:26:47,cart,100011,2003,appliances.kitchen,orbit,144.15,500115,797e3984-ded7-d3ef-f5e4-a9c12d761ffa
2019-10-14 07:27:44,purchase,100011,2003,appliances.kitchen,orbit,144.15,500115,797e3984-ded7-d3ef-f5e4-a9c12d761ffa
2019-10-14 07:27:44,view,100017,2001,home.furniture,orbit,521.73,500115,797e3984-ded7-d3ef-f5e4-a9c12d761ffa
2019-10-14 07:29:33,view,100006,2006,electronics.audio.headphone,prime,543.81,500115,797e3984-ded7-d3ef-f5e4-a9c12d761ffa
2019-10-14 07:32:32,cart,100006,2006,electronics.audio.headphone,prime,543.81,500115,797e3984-ded7-d3ef-f5e4-a9c12d761ffa
2019-10-17 04:53:00,view,100018,2002,electronics.smartphone,alpha,596.83,500003,ce1a1669-9bbc-6cbc-409c-a8f23948fe22
2019-10-17 04:55:02,cart,100018,2002,electronics.smartphone,alpha,596.83,500003,ce1a1669-9bbc-6cbc-409c-a8f23948fe22
2019-10-17 04:57:06,purchase,100018,2002,electronics.smartphone,alpha,596.83,500003,ce1a1669-9bbc-6cbc-409c-a8f23948fe22
2019-10-17 04:57:06,view,100028,2004,appliances.kitchen,zen,244.63,500003,ce1a1669-9bbc-6cbc-409c-a8f23948fe22
2019-10-17 04:59:24,view,100025,2001,apparel.shoes,zen,246.6,500003,ce1a1669-9bbc-6cbc-409c-a8f23948fe22
2019-10-14 22:00:00,view,100036,2004,electronics.audio.headphone,prime,446.7,500002,f76b9723-a990-2071-ffda-9a9382f29004
2019-10-14 22:03:00,cart,100036,2004,electronics.audio.headphone,prime,446.7,500002,f76b9723-a990-2071-ffda-9a9382f29004
2019-10-14 22:03:21,purchase,100036,2004,electronics.audio.headphone,prime,446.7,500002,f76b9723-a990-2071-ffda-9a9382f29004
2019-10-14 22:03:21,view,100039,2007,electronics.smartphone,zen,346.55,500002,f76b9723-a990-2071-ffda-9a9382f29004
2019-10-14 22:04:36,view,100019,2003,appliances.kitchen,alpha,770.51,500002,f76b9723-a990-2071-ffda-9a9382f29004
2019-10-14 22:05:51,cart,100019,2003,appliances.kitchen,alpha,770.51,500002,f76b9723-a990-2071-ffda-9a9382f29004
2019-10-14 22:08:42,purchase,100019,2003,appliances.kitchen,alpha,770.51,500002,f76b9723-a990-2071-ffda-9a9382f29004
2019-10-19 17:22:00,view,100039,2007,electronics.smartphone,zen,346.55,500039,e651e3e1-3d84-6fc9-c3f6-2136846d5a3b
2019-10-19 17:24:54,cart,100039,2007,electronics.smartphone,zen,346.55,500039,e651e3e1-3d84-6fc9-c3f6-2136846d5a3b
2019-10-16 22:49:00,view,100003,2003,electronics.smartphone,,667.9,500076,6793cb09-6b27-1eff-e82b-5b364269c28c
2019-10-16 22:50:01,view,100038,2006,electronics.audio.headphone,,382.83,500076,6793cb09-6b27-1eff-e82b-5b364269c28c
2019-10-16 22:52:49,view,100037,2005,electronics.smartphone,alpha,141.79,500076,6793cb09-6b27-1eff-e82b-5b364269c28c
2019-10-16 22:55:45,cart,100037,2005,electronics.smartphone,alpha,141.79,500076,6793cb09-6b27-1eff-e82b-5b364269c28c
2019-10-16 22:57:06,view,100013,2005,electronics.smartphone,orbit,763.51,500076,6793cb09-6b27-1eff-e82b-5b364269c28c
2019-10-16 22:59:33,cart,100013,2005,electronics.smartphone,orbit,763.51,500076,6793cb09-6b27-1eff-e82b-5b364269c28c
2019-10-16 23:00:02,purchase,100013,2005,electronics.smartphone,orbit,763.51,500076,6793cb09-6b27-1eff-e82b-5b364269c28c
2019-10-11 10:45:00,view,100022,2006,electronics.audio.headphone,,243.95,500067,c34e9baf-8f1c-b2cc-ceef-9fa8b9a5d4d0
2019-10-11 10:46:35,cart,100022,2006,electronics.audio.headphone,,243.95,500067,c34e9baf-8f1c-b2cc-ceef-9fa8b9a5d4d0
2019-10-11 10:47:58,purchase,100022,2006,electronics.audio.headphone,,243.95,500067,c34e9baf-8f1c-b2cc-ceef-9fa8b9a5d4d0
2019-10-11 10:47:58,view,100006,2006,electronics.audio.headphone,prime,543.81,500067,c34e9baf-8f1c-b2cc-ceef-9fa8b9a5d4d0
2019-10-11 10:49:27,cart,100006,2006,electronics.audio.headphone,prime,543.81,500067,c34e9baf-8f1c-b2cc-ceef-9fa8b9a5d4d0
2019-10-11 10:52:01,purchase,100006,2006,electronics.audio.headphone,prime,543.81,500067,c34e9baf-8f1c-b2cc-ceef-9fa8b9a5d4d0
2019-10-24 02:39:00,view,100038,2006,electronics.audio.headphone,,382.83,500031,a267d32f-ddcb-f4bc-0dbd-c5da787515b9
2019-10-24 02:39:35,view,100040,2000,apparel.shoes,prime,230.02,500031,a267d32f-ddcb-f4bc-0dbd-c5da787515b9
2019-10-24 02:41:17,view,100005,2005,electronics.smartphone,alpha,88.86,500031,a267d32f-ddcb-f4bc-0dbd-c5da787515b9
2019-10-24 02:43:07,cart,100005,2005,electronics.smartphone,alpha,88.86,500031,a267d32f-ddcb-f4bc-0dbd-c5da787515b9
2019-10-24 02:43:50,purchase,100005,2005,electronics.smartphone,alpha,88.86,500031,a267d32f-ddcb-f4bc-0dbd-c5da787515b9
2019-10-24 02:43:50,view,100031,2007,apparel.shoes,,415.67,500031,a267d32f-ddcb-f4bc-0dbd-c5da787515b9
2019-10-24 02:44:46,cart,100031,2007,apparel.shoes,,415.67,500031,a267d32f-ddcb-f4bc-0dbd-c5da787515b9
2019-10-24 02:47:16,view,100013,2005,electronics.smartphone,orbit,763.51,500031,a267d32f-ddcb-f4bc-0dbd-c5da787515b9
2019-10-24 02:47:57,cart,100013,2005,electronics.smartphone,orbit,763.51,500031,a267d32f-ddcb-f4bc-0dbd-c5da787515b9
2019-10-21 21:45:00,view,100001,2001,electronics.smartphone,alpha,668.69,500162,a26e865b-503b-e788-2d44-5af8fc9476b1
2019-10-21 21:46:15,cart,100001,2001,electronics.smartphone,alpha,668.69,500162,a26e865b-503b-e788-2d44-5af8fc9476b1
2019-10-21 21:47:03,purchase,100001,2001,electronics.smartphone,alpha,668.69,500162,a26e865b-503b-e788-2d44-5af8fc9476b1
2019-10-29 07:10:00,view,100009,2001,home.furniture,orbit,729.44,500041,c79ddb62-c379-44c1-c903-94ea7d54ec82
2019-10-25 15:01:00,view,100003,2003,electronics.smartphone,,667.9,500104,62210670-7a36-e788-f71f-b9a66dd49c96
2019-10-17 00:07:00,view,100013,2005,electronics.smartphone,orbit,763.51,500004,d54e7948-c1c0-c5e3-527c-8f50e45a87e8
2019-10-17 00:08:24,cart,100013,2005,electronics.smartphone,orbit,763.51,500004,d54e7948-c1c0-c5e3-527c-8f50e45a87e8
2019-10-17 00:10:07,purchase,100013,2005,electronics.smartphone,orbit,763.51,500004,d54e7948-c1c0-c5e3-527c-8f50e45a87e8
2019-10-17 00:10:07,view,100002,2002,electronics.audio.headphone,nova,129.89,500004,d54e7948-c1c0-c5e3-527c-8f50e45a87e8
2019-10-17 00:11:30,cart,100002,2002,electronics.audio.headphone,nova,129.89,500004,d54e7948-c1c0-c5e3-527c-8f50e45a87e8
2019-10-17 00:11:46,purchase,100002,2002,electronics.audio.headphone,nova,129.89,500004,d54e7948-c1c0-c5e3-527c-8f50e45a87e8
2019-10-17 00:11:46,view,100001,2001,electronics.smartphone,alpha,668.69,500004,d54e7948-c1c0-c5e3-527c-8f50e45a87e8
2019-10-17 00:13:05,cart,100001,2001,electronics.smartphone,alpha,668.69,500004,d54e7948-c1c0-c5e3-527c-8f50e45a87e8
2019-10-17 00:15:23,view,100016,2000,apparel.shoes,alpha,499.08,500004,d54e7948-c1c0-c5e3-527c-8f50e45a87e8
2019-10-17 00:18:23,view,100015,2007,apparel.shoes,prime,116.72,500004,d54e7948-c1c0-c5e3-527c-8f50e45a87e8
2019-10-02 07:56:00,view,100002,2002,electronics.audio.headphone,nova,129.89,500126,2a35ce30-303c-b04b-c007-93365bf7dda1
2019-10-02 07:58:35,view,100015,2007,apparel.shoes,prime,116.72,500126,2a35ce30-303c-b04b-c007-93365bf7dda1
2019-10-02 07:59:11,cart,100015,2007,apparel.shoes,prime,116.72,500126,2a35ce30-303c-b04b-c007-93365bf7dda1
2019-10-02 08:02:02,view,100009,2001,home.furniture,orbit,729.44,500126,2a35ce30-303c-b04b-c007-93365bf7dda1
2019-10-02 08:04:50,cart,100009,2001,home.furniture,orbit,729.44,500126,2a35ce30-303c-b04b-c007-93365bf7dda1
2019-10-02 08:07:11,view,100014,2006,home.furniture,orbit,727.38,500126,2a35ce30-303c-b04b-c007-93365bf7dda1
2019-10-21 13:18:00,view,100027,2003,electronics.smartphone,nova,740.51,500168,b0937085-0c59-21f8-050d-cbfed60bf603
2019-10-21 13:19:42,cart,100027,2003,electronics.smartphone,nova,740.51,500168,b0937085-0c59-21f8-050d-cbfed60bf603
2019-10-21 13:20:51,purchase,100027,2003,electronics.smartphone,nova,740.51,500168,b0937085-0c59-21f8-050d-cbfed60bf603
2019-10-20 11:42:00,view,100020,2004,electronics.smartphone,zen,253.79,500040,a15c159a-af8c-a888-b1f8-1ad9349b5089
2019-10-20 11:44:54,cart,100020,2004,electronics.smartphone,zen,253.79,500040,a15c159a-af8c-a888-b1f8-1ad9349b5089
2019-10-20 11:47:12,purchase,100020,2004,electronics.smartphone,zen,253.79,500040,a15c159a-af8c-a888-b1f8-1ad9349b5089
2019-10-29 10:41:00,view,100033,2001,home.furniture,prime,240.15,500156,d4a5a81e-6b38-2a0a-231d-260bb362cd55
2019-10-29 10:41:35,cart,100033,2001,home.furniture,prime,240.15,500156,d4a5a81e-6b38-2a0a-231d-260bb362cd55
2019-10-29 10:42:07,purchase,100033,2001,home.furniture,prime,240.15,500156,d4a5a81e-6b38-2a0a-231d-260bb362cd55
2019-10-03 03:02:00,view,100013,2005,electronics.smartphone,orbit,763.51,500156,d4dd1b56-4353-91b2-c728-50c13322c68b
2019-10-03 03:04:25,view,100023,2007,electronics.smartphone,prime,573.31,500156,d4dd1b56-4353-91b2-c728-50c13322c68b
2019-10-03 03:05:23,view,100027,2003,electronics.smartphone,nova,740.51,500156,d4dd1b56-4353-91b2-c728-50c13322c68b
2019-10-03 03:07:31,cart,100027,2003,electronics.smartphone,nova,740.51,500156,d4dd1b56-4353-91b2-c728-50c13322c68b
2019-10-03 03:07:36,purchase,100027,2003,electronics.smartphone,nova,740.51,500156,d4dd1b56-4353-91b2-c728-50c13322c68b
2019-10-03 03:07:36,view,100019,2003,appliances.kitchen,alpha,770.51,500156,d4dd1b56-4353-91b2-c728-50c13322c68b
2019-10-03 03:08:03,view,100011,2003,appliances.kitchen,orbit,144.15,500156,d4dd1b56-4353-91b2-c728-50c13322c68b
2019-10-12 23:30:00,view,100007,2007,home.furniture,nova,645.84,500039,82ff1f2e-c78f-07cf-170f-a87bf30ee4fe
2019-10-12 23:32:49,cart,100007,2007,home.furniture,nova,645.84,500039,82ff1f2e-c78f-07cf-170f-a87bf30ee4fe
2019-10-12 23:34:09,purchase,100007,2007,home.furniture,nova,645.84,500039,82ff1f2e-c78f-07cf-170f-a87bf30ee4fe
2019-10-17 17:27:00,view,100019,2003,appliances.kitchen,alpha,770.51,500013,dfc7ab26-2cb9-41fc-d02c-75f9198d13a4
2019-10-17 17:29:58,cart,100019,2003,appliances.kitchen,alpha,770.51,500013,dfc7ab26-2cb9-41fc-d02c-75f9198d13a4
2019-10-17 17:30:32,purchase,100019,2003,appliances.kitchen,alpha,770.51,500013,dfc7ab26-2cb9-41fc-d02c-75f9198d13a4
2019-10-21 06:06:00,view,100022,2006,electronics.audio.headphone,,243.95,500012,a9d1a28e-236d-d176-da1c-96ae0279e2ab
2019-10-21 06:08:44,cart,100022,2006,electronics.audio.headphone,,243.95,500012,a9d1a28e-236d-d176-da1c-96ae0279e2ab
2019-10-21 06:09:12,purchase,100022,2006,electronics.audio.headphone,,243.95,500012,a9d1a28e-236d-d176-da1c-96ae0279e2ab
2019-10-21 06:09:12,view,100023,2007,electronics.smartphone,prime,573.31,500012,a9d1a28e-236d-d176-da1c-96ae0279e2ab
2019-10-21 06:10:44,cart,100023,2007,electronics.smartphone,prime,573.31,500012,a9d1a28e-236d-d176-da1c-96ae0279e2ab
2019-10-21 06:12:31,purchase,100023,2007,electronics.smartphone,prime,573.31,500012,a9d1a28e-236d-d176-da1c-96ae0279e2ab
2019-10-04 00:03:00,view,100027,2003,electronics.smartphone,nova,740.51,500117,b09d721b-62be-4009-d5f0-fb6a4596da75
2019-10-04 00:03:45,cart,100027,2003,electronics.smartphone,nova,740.51,500117,b09d721b-62be-4009-d5f0-fb6a4596da75
2019-10-04 00:06:21,purchase,100027,2003,electronics.smartphone,nova,740.51,500117,b09d721b-62be-4009-d5f0-fb6a4596da75
2019-10-04 00:06:21,view,100011,2003,appliances.kitchen,orbit,144.15,500117,b09d721b-62be-4009-d5f0-fb6a4596da75
2019-10-04 00:08:51,view,100008,2000,home.furniture,zen,202.29,500117,b09d721b-62be-4009-d5f0-fb6a4596da75
2019-10-04 00:09:42,view,100009,2001,home.furniture,orbit,729.44,500117,b09d721b-62be-4009-d5f0-fb6a4596da75
2019-10-06 11:21:00,view,100031,2007,apparel.shoes,,415.67,500176,f933a9fa-ba2e-eeb3-d6aa-5382e1446b45
2019-10-06 11:22:50,cart,100031,2007,apparel.shoes,,415.67,500176,f933a9fa-ba2e-eeb3-d6aa-5382e1446b45
2019-10-06 11:23:11,purchase,100031,2007,apparel.shoes,,415.67,500176,f933a9fa-ba2e-eeb3-d6aa-5382e1446b45
2019-10-06 11:23:11,view,100032,2000,appliances.kitchen,nova,225.73,500176,f933a9fa-ba2e-eeb3-d6aa-5382e1446b45
2019-10-06 11:24:36,cart,100032,2000,appliances.kitchen,nova,225.73,500176,f933a9fa-ba2e-eeb3-d6aa-5382e1446b45
2019-10-06 11:27:34,purchase,100032,2000,appliances.kitchen,nova,225.73,500176,f933a9fa-ba2e-eeb3-d6aa-5382e1446b45
2019-10-21 00:47:00,view,100034,2002,home.furniture,zen,808.55,500148,fa575cea-3957-1344-90a4-a421b9493906
2019-10-21 00:49:54,view,100040,2000,apparel.shoes,prime,230.02,500148,fa575cea-3957-1344-90a4-a421b9493906
2019-10-21 00:52:02,cart,100040,2000,apparel.shoes,prime,230.02,500148,fa575cea-3957-1344-90a4-a421b9493906
2019-10-21 00:55:00,remove_from_cart,100040,2000,apparel.shoes,prime,230.02,500148,fa575cea-3957-1344-90a4-a421b9493906
2019-10-21 00:55:00,view,100007,2007,home.furniture,nova,645.84,500148,fa575cea-3957-1344-90a4-a421b9493906
2019-10-23 21:35:00,view,100033,2001,home.furniture,prime,240.15,500157,ef32f72a-a4b5-c723-02fb-28690df80b89
2019-10-23 21:35:47,cart,100033,2001,home.furniture,prime,240.15,500157,ef32f72a-a4b5-c723-02fb-28690df80b89
2019-10-23 21:37:57,purchase,100033,2001,home.furniture,prime,240.15,500157,ef32f72a-a4b5-c723-02fb-28690df80b89
2019-10-23 21:37:57,view,100031,2007,apparel.shoes,,415.67,500157,ef32f72a-a4b5-c723-02fb-28690df80b89
2019-10-21 13:10:00,view,100026,2002,home.furniture,nova,617.73,500013,a4b0718e-8ced-4707-3903-4b6581c61eeb
2019-10-21 13:12:31,cart,100026,2002,home.furniture,nova,617.73,500013,a4b0718e-8ced-4707-3903-4b6581c61eeb
2019-10-21 13:14:43,purchase,100026,2002,home.furniture,nova,617.73,500013,a4b0718e-8ced-4707-3903-4b6581c61eeb
2019-10-21 13:14:43,view,100016,2000,apparel.shoes,alpha,499.08,500013,a4b0718e-8ced-4707-3903-4b6581c61eeb
2019-10-21 13:15:18,view,100006,2006,electronics.audio.headphone,prime,543.81,500013,a4b0718e-8ced-4707-3903-4b6581c61eeb
2019-10-21 13:18:10,cart,100006,2006,electronics.audio.headphone,prime,543.81,500013,a4b0718e-8ced-4707-3903-4b6581c61eeb
2019-10-21 13:19:58,purchase,100006,2006,electronics.audio.headphone,prime,543.81,500013,a4b0718e-8ced-4707-3903-4b6581c61eeb
2019-10-21 13:19:58,view,100030,2006,appliances.kitchen,nova,591.62,500013,a4b0718e-8ced-4707-3903-4b6581c61eeb
2019-10-31 02:59:00,view,100033,2001,home.furniture,prime,240.15,500024,9e7b1e95-f692-641a-9aad-10cecab24f24
2019-10-31 03:01:56,cart,100033,2001,home.furniture,prime,240.15,500024,9e7b1e95-f692-641a-9aad-10cecab24f24
2019-10-31 03:03:28,purchase,100033,2001,home.furniture,prime,240.15,500024,9e7b1e95-f692-641a-9aad-10cecab24f24
2019-10-31 03:03:28,view,100036,2004,electronics.audio.headphone,prime,446.7,500024,9e7b1e95-f692-641a-9aad-10cecab24f24
2019-10-31 03:03:46,view,100014,2006,home.furniture,orbit,727.38,500024,9e7b1e95-f692-641a-9aad-10cecab24f24
2019-10-31 03:05:47,cart,100014,2006,home.furniture,orbit,727.38,500024,9e7b1e95-f692-641a-9aad-10cecab24f24
2019-10-17 11:54:00,view,100001,2001,electronics.smartphone,alpha,668.69,500094,18f1a1e4-1d30-a290-73d9-2aceb7461b72
2019-10-17 11:56:47,view,100022,2006,electronics.audio.headphone,,243.95,500094,18f1a1e4-1d30-a290-73d9-2aceb7461b72
2019-10-19 22:58:00,view,100032,2000,appliances.kitchen,nova,225.73,500096,e599bd3c-0bb8-1d38-1b37-ef19b3bc912f
2019-10-19 22:58:32,cart,100032,2000,appliances.kitchen,nova,225.73,500096,e599bd3c-0bb8-1d38-1b37-ef19b3bc912f
2019-10-19 22:59:27,purchase,100032,2000,appliances.kitchen,nova,225.73,500096,e599bd3c-0bb8-1d38-1b37-ef19b3bc912f
2019-10-19 22:59:27,view,100009,2001,home.furniture,orbit,729.44,500096,e599bd3c-0bb8-1d38-1b37-ef19b3bc912f
2019-10-19 23:01:12,cart,100009,2001,home.furniture,orbit,729.44,500096,e599bd3c-0bb8-1d38-1b37-ef19b3bc912f
2019-10-19 23:02:05,remove_from_cart,100009,2001,home.furniture,orbit,729.44,500096,e599bd3c-0bb8-1d38-1b37-ef19b3bc912f
2019-10-07 11:03:00,view,100008,2000,home.furniture,zen,202.29,500107,d6642fe8-a21c-0c06-ed37-65670be7728e
2019-10-07 11:05:12,cart,100008,2000,home.furniture,zen,202.29,500107,d6642fe8-a21c-0c06-ed37-65670be7728e
2019-10-07 11:05:29,purchase,100008,2000,home.furniture,zen,202.29,500107,d6642fe8-a21c-0c06-ed37-65670be7728e
2019-10-07 11:05:29,view,100029,2005,electronics.audio.headphone,prime,789.35,500107,d6642fe8-a21c-0c06-ed37-65670be7728e
2019-10-07 11:07:24,view,100030,2006,appliances.kitchen,nova,591.62,500107,d6642fe8-a21c-0c06-ed37-65670be7728e
2019-10-07 11:09:32,view,100038,2006,electronics.audio.headphone,,382.83,500107,d6642fe8-a21c-0c06-ed37-65670be7728e
2019-10-07 11:10:22,view,100033,2001,home.furniture,prime,240.15,500107,d6642fe8-a21c-0c06-ed37-65670be7728e
2019-10-12 15:08:00,view,100021,2005,appliances.kitchen,nova,336.31,500033,99bd6240-a853-5961-632d-03021a82833c
2019-10-12 15:09:15,cart,100021,2005,appliances.kitchen,nova,336.31,500033,99bd6240-a853-5961-632d-03021a82833c
2019-10-12 15:10:47,view,100033,2001,home.furniture,prime,240.15,500033,99bd6240-a853-5961-632d-03021a82833c
2019-10-12 15:11:26,cart,100033,2001,home.furniture,prime,240.15,500033,99bd6240-a853-5961-632d-03021a82833c
2019-10-12 15:14:05,view,100025,2001,apparel.shoes,zen,246.6,500033,99bd6240-a853-5961-632d-03021a82833c
2019-10-12 15:15:26,view,100027,2003,electronics.smartphone,nova,740.51,500033,99bd6240-a853-5961-632d-03021a82833c
2019-10-12 15:17:51,view,100039,2007,electronics.smartphone,zen,346.55,500033,99bd6240-a853-5961-632d-03021a82833c
2019-10-26 00:32:00,view,100009,2001,home.furniture,orbit,729.44,500052,4a636af5-b6e1-e7ac-9fc9-726435afbb2d
2019-10-26 00:34:48,cart,100009,2001,home.furniture,orbit,729.44,500052,4a636af5-b6e1-e7ac-9fc9-726435afbb2d
2019-10-26 00:35:22,view,100012,2004,appliances.kitchen,alpha,88.01,500052,4a636af5-b6e1-e7ac-9fc9-726435afbb2d
2019-10-26 00:37:56,view,100033,2001,home.furniture,prime,240.15,500052,4a636af5-b6e1-e7ac-9fc9-726435afbb2d
2019-10-06 04:17:00,view,100028,2004,appliances.kitchen,zen,244.63,500173,88addab1-d765-4a18-e4d4-66ebbf74531c
2019-10-06 04:17:11,cart,100028,2004,appliances.kitchen,zen,244.63,500173,88addab1-d765-4a18-e4d4-66ebbf74531c
2019-10-06 04:17:29,remove_from_cart,100028,2004,appliances.kitchen,zen,244.63,500173,88addab1-d765-4a18-e4d4-66ebbf74531c
2019-10-06 04:17:29,view,100001,2001,electronics.smartphone,alpha,668.69,500173,88addab1-d765-4a18-e4d4-66ebbf74531c
2019-10-06 04:18:15,view,100034,2002,home.furniture,zen,808.55,500173,88addab1-d765-4a18-e4d4-66ebbf74531c
2019-10-06 04:21:14,cart,100034,2002,home.furniture,zen,808.55,500173,88addab1-d765-4a18-e4d4-66ebbf74531c
2019-10-26 21:43:00,view,100040,2000,apparel.shoes,prime,230.02,500139,73dd3bc6-d064-05a8-5bd2-9cb108453b2f
2019-10-15 13:30:00,view,100004,2004,home.furniture,alpha,533.49,500144,c8c85ad6-82cb-cdc7-3cd3-0e99638e1388
2019-10-15 13:32:26,cart,100004,2004,home.furniture,alpha,533.49,500144,c8c85ad6-82cb-cdc7-3cd3-0e99638e1388
2019-10-15 13:33:35,purchase,100004,2004,home.furniture,alpha,533.49,500144,c8c85ad6-82cb-cdc7-3cd3-0e99638e1388
2019-10-15 13:33:35,view,100025,2001,apparel.shoes,zen,246.6,500144,c8c85ad6-82cb-cdc7-3cd3-0e99638e1388
2019-10-15 13:35:33,view,100027,2003,electronics.smartphone,nova,740.51,500144,c8c85ad6-82cb-cdc7-3cd3-0e99638e1388
2019-10-09 20:13:00,view,100013,2005,electronics.smartphone,orbit,763.51,500166,8beef83f-96a0-6bf2-c14e-bd105e244824
2019-10-09 20:13:49,view,100019,2003,appliances.kitchen,alpha,770.51,500166,8beef83f-96a0-6bf2-c14e-bd105e244824
2019-10-09 20:14:24,cart,100019,2003,appliances.kitchen,alpha,770.51,500166,8beef83f-96a0-6bf2-c14e-bd105e244824
2019-10-09 20:16:18,purchase,100019,2003,appliances.kitchen,alpha,770.51,500166,8beef83f-96a0-6bf2-c14e-bd105e244824
2019-10-09 20:16:18,view,100029,2005,electronics.audio.headphone,prime,789.35,500166,8beef83f-96a0-6bf2-c14e-bd105e244824
2019-10-09 20:17:30,cart,100029,2005,electronics.audio.headphone,prime,789.35,500166,8beef83f-96a0-6bf2-c14e-bd105e244824
2019-10-09 20:20:04,remove_from_cart,100029,2005,electronics.audio.headphone,prime,789.35,500166,8beef83f-96a0-6bf2-c14e-bd105e244824
2019-10-09 20:20:04,view,100012,2004,appliances.kitchen,alpha,88.01,500166,8beef83f-96a0-6bf2-c14e-bd105e244824
2019-10-09 20:22:08,view,100005,2005,electronics.smartphone,alpha,88.86,500166,8beef83f-96a0-6bf2-c14e-bd105e244824
2019-10-09 20:22:52,cart,100005,2005,electronics.smartphone,alpha,88.86,500166,8beef83f-96a0-6bf2-c14e-bd105e244824
2019-10-15 19:11:00,view,100037,2005,electronics.smartphone,alpha,141.79,500161,4d187b75-a971-a31f-d7d8-05949d9887bc
2019-10-15 19:13:19,cart,100037,2005,electronics.smartphone,alpha,141.79,500161,4d187b75-a971-a31f-d7d8-05949d9887bc
2019-10-15 19:14:11,purchase,100037,2005,electronics.smartphone,alpha,141.79,500161,4d187b75-a971-a31f-d7d8-05949d9887bc
2019-10-15 19:14:11,view,100036,2004,electronics.audio.headphone,prime,446.7,500161,4d187b75-a971-a31f-d7d8-05949d9887bc
2019-10-15 19:16:25,cart,100036,2004,electronics.audio.headphone,prime,446.7,500161,4d187b75-a971-a31f-d7d8-05949d9887bc
2019-10-15 19:18:49,purchase,100036,2004,electronics.audio.headphone,prime,446.7,500161,4d187b75-a971-a31f-d7d8-05949d9887bc
2019-10-15 19:18:49,view,100023,2007,electronics.smartphone,prime,573.31,500161,4d187b75-a971-a31f-d7d8-05949d9887bc
2019-10-15 19:19:17,cart,100023,2007,electronics.smartphone,prime,573.31,500161,4d187b75-a971-a31f-d7d8-05949d9887bc
2019-10-15 19:20:16,view,100005,2005,electronics.smartphone,alpha,88.86,500161,4d187b75-a971-a31f-d7d8-05949d9887bc
2019-10-15 19:21:36,cart,100005,2005,electronics.smartphone,alpha,88.86,500161,4d187b75-a971-a31f-d7d8-05949d9887bc
2019-10-15 19:24:19,purchase,100005,2005,electronics.smartphone,alpha,88.86,500161,4d187b75-a971-a31f-d7d8-05949d9887bc
2019-10-17 01:55:00,view,100008,2000,home.furniture,zen,202.29,500144,a6388854-fb2b-8b80-c08b-d674d2dd3e26
2019-10-17 01:56:59,cart,100008,2000,home.furniture,zen,202.29,500144,a6388854-fb2b-8b80-c08b-d674d2dd3e26
2019-10-13 00:15:00,view,100025,2001,apparel.shoes,zen,246.6,500011,61a1a29c-5228-ed8d-e2ba-9fceaebbaf9c
2019-10-03 07:53:00,view,100033,2001,home.furniture,prime,240.15,500007,c53f1db3-d275-bd43-8451-7303e94d4fbe
2019-10-03 07:54:20,view,100029,2005,electronics.audio.headphone,prime,789.35,500007,c53f1db3-d275-bd43-8451-7303e94d4fbe
2019-10-03 07:55:14,cart,100029,2005,electronics.audio.headphone,prime,789.35,500007,c53f1db3-d275-bd43-8451-7303e94d4fbe
2019-10-03 07:55:40,remove_from_cart,100029,2005,electronics.audio.headphone,prime,789.35,500007,c53f1db3-d275-bd43-8451-7303e94d4fbe
2019-10-03 07:55:40,view,100032,2000,appliances.kitchen,nova,225.73,500007,c53f1db3-d275-bd43-8451-7303e94d4fbe
2019-10-10 16:32:00,view,100028,2004,appliances.kitchen,zen,244.63,500161,a127dc6b-ab9b-153d-35f5-c65410c2c2e5
2019-10-10 16:34:22,view,100007,2007,home.furniture,nova,645.84,500161,a127dc6b-ab9b-153d-35f5-c65410c2c2e5
2019-10-03 19:16:00,view,100022,2006,electronics.audio.headphone,,243.95,500019,0614ac41-275c-75dc-afa0-8cbebf343ca7
2019-10-03 19:16:50,view,100003,2003,electronics.smartphone,,667.9,500019,0614ac41-275c-75dc-afa0-8cbebf343ca7
2019-10-03 19:19:17,cart,100003,2003,electronics.smartphone,,667.9,500019,0614ac41-275c-75dc-afa0-8cbebf343ca7
2019-10-03 19:20:20,view,100006,2006,electronics.audio.headphone,prime,543.81,500019,0614ac41-275c-75dc-afa0-8cbebf343ca7
2019-10-03 19:22:20,view,100005,2005,electronics.smartphone,alpha,88.86,500019,0614ac41-275c-75dc-afa0-8cbebf343ca7
2019-10-03 19:24:15,cart,100005,2005,electronics.smartphone,alpha,88.86,500019,0614ac41-275c-75dc-afa0-8cbebf343ca7
2019-10-14 12:34:00,view,100003,2003,electronics.smartphone,,667.9,500165,c186a221-1030-56b7-9e4c-24ddb864a47b
2019-10-14 12:37:00,cart,100003,2003,electronics.smartphone,,667.9,500165,c186a221-1030-56b7-9e4c-24ddb864a47b
2019-10-14 12:37:27,purchase,100003,2003,electronics.smartphone,,667.9,500165,c186a221-1030-56b7-9e4c-24ddb864a47b
2019-10-14 12:37:27,view,100005,2005,electronics.smartphone,alpha,88.86,500165,c186a221-1030-56b7-9e4c-24ddb864a47b
2019-10-14 12:39:24,cart,100005,2005,electronics.smartphone,alpha,88.86,500165,c186a221-1030-56b7-9e4c-24ddb864a47b
2019-10-14 12:42:18,purchase,100005,2005,electronics.smartphone,alpha,88.86,500165,c186a221-1030-56b7-9e4c-24ddb864a47b
2019-10-14 12:42:18,view,100023,2007,electronics.smartphone,prime,573.31,500165,c186a221-1030-56b7-9e4c-24ddb864a47b
2019-10-14 12:43:03,view,100033,2001,home.furniture,prime,240.15,500165,c186a221-1030-56b7-9e4c-24ddb864a47b
2019-10-14 12:43:42,view,100007,2007,home.furniture,nova,645.84,500165,c186a221-1030-56b7-9e4c-24ddb864a47b
2019-10-14 12:46:06,cart,100007,2007,home.furniture,nova,645.84,500165,c186a221-1030-56b7-9e4c-24ddb864a47b
2019-10-14 12:48:53,purchase,100007,2007,home.furniture,nova,645.84,500165,c186a221-1030-56b7-9e4c-24ddb864a47b
2019-10-06 22:36:00,view,100001,2001,electronics.smartphone,alpha,668.69,500174,cb863dea-f722-2fbe-ea06-f94be310ff72
2019-10-06 22:36:15,cart,100001,2001,electronics.smartphone,alpha,668.69,500174,cb863dea-f722-2fbe-ea06-f94be310ff72
2019-10-06 22:38:52,purchase,100001,2001,electronics.smartphone,alpha,668.69,500174,cb863dea-f722-2fbe-ea06-f94be310ff72
2019-10-06 22:38:52,view,100036,2004,electronics.audio.headphone,prime,446.7,500174,cb863dea-f722-2fbe-ea06-f94be310ff72
2019-10-06 22:41:17,view,100010,2002,electronics.smartphone,nova,629.83,500174,cb863dea-f722-2fbe-ea06-f94be310ff72
2019-10-06 22:42:40,cart,100010,2002,electronics.smartphone,nova,629.83,500174,cb863dea-f722-2fbe-ea06-f94be310ff72
2019-10-06 22:44:13,purchase,100010,2002,electronics.smartphone,nova,629.83,500174,cb863dea-f722-2fbe-ea06-f94be310ff72
2019-10-12 20:03:00,view,100015,2007,apparel.shoes,prime,116.72,500166,29344e15-2477-f047-8336-a758d9f93502
2019-10-12 20:03:54,cart,100015,2007,apparel.shoes,prime,116.72,500166,29344e15-2477-f047-8336-a758d9f93502
2019-10-12 20:06:50,view,100040,2000,apparel.shoes,prime,230.02,500166,29344e15-2477-f047-8336-a758d9f93502
2019-10-12 20:09:15,cart,100040,2000,apparel.shoes,prime,230.02,500166,29344e15-2477-f047-8336-a758d9f93502
2019-10-12 20:11:40,purchase,100040,2000,apparel.shoes,prime,230.02,500166,29344e15-2477-f047-8336-a758d9f93502
2019-10-05 21:16:00,view,100032,2000,appliances.kitchen,nova,225.73,500172,3289f58b-1923-cafc-402d-105b113eaf84
2019-10-05 21:17:17,view,100022,2006,electronics.audio.headphone,,243.95,500172,3289f58b-1923-cafc-402d-105b113eaf84
2019-10-05 21:18:11,cart,100022,2006,electronics.audio.headphone,,243.95,500172,3289f58b-1923-cafc-402d-105b113eaf84
2019-10-05 21:20:11,purchase,100022,2006,electronics.audio.headphone,,243.95,500172,3289f58b-1923-cafc-402d-105b113eaf84
2019-10-05 21:20:11,view,100023,2007,electronics.smartphone,prime,573.31,500172,3289f58b-1923-cafc-402d-105b113eaf84
2019-10-05 21:23:04,cart,100023,2007,electronics.smartphone,prime,573.31,500172,3289f58b-1923-cafc-402d-105b113eaf84
2019-10-05 21:25:38,purchase,100023,2007,electronics.smartphone,prime,573.31,500172,3289f58b-1923-cafc-402d-105b113eaf84
2019-10-05 21:25:38,view,100009,2001,home.furniture,orbit,729.44,500172,3289f58b-1923-cafc-402d-105b113eaf84
2019-10-05 21:28:08,cart,100009,2001,home.furniture,orbit,729.44,500172,3289f58b-1923-cafc-402d-105b113eaf84
2019-10-05 21:29:33,remove_from_cart,100009,2001,home.furniture,orbit,729.44,500172,3289f58b-1923-cafc-402d-105b113eaf84
2019-10-05 21:29:33,view,100016,2000,apparel.shoes,alpha,499.08,500172,3289f58b-1923-cafc-402d-105b113eaf84
2019-10-05 21:30:58,cart,100016,2000,apparel.shoes,alpha,499.08,500172,3289f58b-1923-cafc-402d-105b113eaf84
2019-10-17 15:50:00,view,100031,2007,apparel.shoes,,415.67,500071,adf8f767-2261-ddef-5c07-4653d71173e4
2019-10-17 15:51:23,view,100030,2006,appliances.kitchen,nova,591.62,500071,adf8f767-2261-ddef-5c07-4653d71173e4
2019-10-17 15:51:55,cart,100030,2006,appliances.kitchen,nova,591.62,500071,adf8f767-2261-ddef-5c07-4653d71173e4
2019-10-17 15:54:35,purchase,100030,2006,appliances.kitchen,nova,591.62,500071,adf8f767-2261-ddef-5c07-4653d71173e4
2019-10-17 15:54:35,view,100029,2005,electronics.audio.headphone,prime,789.35,500071,adf8f767-2261-ddef-5c07-4653d71173e4
2019-10-02 04:20:00,view,100005,2005,electronics.smartphone,alpha,88.86,500036,4363589c-3249-5cff-89e2-df24e42c0aea
2019-10-13 04:39:00,view,100003,2003,electronics.smartphone,,667.9,500149,970c9eb4-c4ea-4ece-67b6-e4679432d797
2019-10-13 04:41:24,view,100036,2004,electronics.audio.headphone,prime,446.7,500149,970c9eb4-c4ea-4ece-67b6-e4679432d797
2019-10-13 04:43:47,cart,100036,2004,electronics.audio.headphone,prime,446.7,500149,970c9eb4-c4ea-4ece-67b6-e4679432d797
2019-10-13 04:44:30,purchase,100036,2004,electronics.audio.headphone,prime,446.7,500149,970c9eb4-c4ea-4ece-67b6-e4679432d797
2019-10-24 13:30:00,view,100009,2001,home.furniture,orbit,729.44,500058,bbb4c0ce-96f0-1335-c5ab-48dae4354021
2019-10-24 13:30:28,cart,100009,2001,home.furniture,orbit,729.44,500058,bbb4c0ce-96f0-1335-c5ab-48dae4354021
2019-10-24 13:32:41,purchase,100009,2001,home.furniture,orbit,729.44,500058,bbb4c0ce-96f0-1335-c5ab-48dae4354021
2019-10-24 13:32:41,view,100030,2006,appliances.kitchen,nova,591.62,500058,bbb4c0ce-96f0-1335-c5ab-48dae4354021
2019-10-24 13:33:47,view,100033,2001,home.furniture,prime,240.15,500058,bbb4c0ce-96f0-1335-c5ab-48dae4354021
2019-10-11 07:00:00,view,100037,2005,electronics.smartphone,alpha,141.79,500132,2ddc756b-28c2-cce9-723b-80d423ef5561
2019-10-11 07:02:09,cart,100037,2005,electronics.smartphone,alpha,141.79,500132,2ddc756b-28c2-cce9-723b-80d423ef5561
2019-10-11 07:03:21,purchase,100037,2005,electronics.smartphone,alpha,141.79,500132,2ddc756b-28c2-cce9-723b-80d423ef5561
2019-10-11 07:03:21,view,100010,2002,electronics.smartphone,nova,629.83,500132,2ddc756b-28c2-cce9-723b-80d423ef5561
2019-10-11 07:03:36,view,100031,2007,apparel.shoes,,415.67,500132,2ddc756b-28c2-cce9-723b-80d423ef5561
2019-10-11 07:05:53,view,100023,2007,electronics.smartphone,prime,573.31,500132,2ddc756b-28c2-cce9-723b-80d423ef5561
2019-10-11 07:07:30,cart,100023,2007,electronics.smartphone,prime,573.31,500132,2ddc756b-28c2-cce9-723b-80d423ef5561
2019-10-11 07:09:31,remove_from_cart,100023,2007,electronics.smartphone,prime,573.31,500132,2ddc756b-28c2-cce9-723b-80d423ef5561
2019-10-11 07:09:31,view,100003,2003,electronics.smartphone,,667.9,500132,2ddc756b-28c2-cce9-723b-80d423ef5561
2019-10-11 07:12:22,cart,100003,2003,electronics.smartphone,,667.9,500132,2ddc756b-28c2-cce9-723b-80d423ef5561
2019-10-24 20:20:00,view,100025,2001,apparel.shoes,zen,246.6,500068,2c816bf0-91f6-0406-8b5a-868394213090
2019-10-24 20:21:09,cart,100025,2001,apparel.shoes,zen,246.6,500068,2c816bf0-91f6-0406-8b5a-868394213090
2019-10-24 20:22:11,purchase,100025,2001,apparel.shoes,zen,246.6,500068,2c816bf0-91f6-0406-8b5a-868394213090
2019-10-24 20:22:11,view,100024,2000,home.furniture,,224.11,500068,2c816bf0-91f6-0406-8b5a-868394213090
2019-10-24 20:23:46,view,100038,2006,electronics.audio.headphone,,382.83,500068,2c816bf0-91f6-0406-8b5a-868394213090
2019-10-24 20:25:19,view,100005,2005,electronics.smartphone,alpha,88.86,500068,2c816bf0-91f6-0406-8b5a-868394213090
2019-10-24 18:00:00,view,100015,2007,apparel.shoes,prime,116.72,500002,709d338b-2393-6d45-e1cc-ff0d8078636d
2019-10-24 18:02:49,cart,100015,2007,apparel.shoes,prime,116.72,500002,709d338b-2393-6d45-e1cc-ff0d8078636d
2019-10-24 18:03:32,purchase,100015,2007,apparel.shoes,prime,116.72,500002,709d338b-2393-6d45-e1cc-ff0d8078636d
2019-10-24 18:03:32,view,100005,2005,electronics.smartphone,alpha,88.86,500002,709d338b-2393-6d45-e1cc-ff0d8078636d
2019-10-28 05:18:00,view,100008,2000,home.furniture,zen,202.29,500031,cfa9026b-6a24-1f46-3af7-fa21a93e7b5b
2019-10-28 05:18:46,view,100031,2007,apparel.shoes,,415.67,500031,cfa9026b-6a24-1f46-3af7-fa21a93e7b5b
2019-10-28 05:20:36,cart,100031,2007,apparel.shoes,,415.67,500031,cfa9026b-6a24-1f46-3af7-fa21a93e7b5b
2019-10-28 05:20:52,purchase,100031,2007,apparel.shoes,,415.67,500031,cfa9026b-6a24-1f46-3af7-fa21a93e7b5b
2019-10-28 05:20:52,view,100014,2006,home.furniture,orbit,727.38,500031,cfa9026b-6a24-1f46-3af7-fa21a93e7b5b
2019-10-28 05:23:28,cart,100014,2006,home.furniture,orbit,727.38,500031,cfa9026b-6a24-1f46-3af7-fa21a93e7b5b
2019-10-28 05:26:14,purchase,100014,2006,home.furniture,orbit,727.38,500031,cfa9026b-6a24-1f46-3af7-fa21a93e7b5b
2019-10-28 14:39:00,view,100034,2002,home.furniture,zen,808.55,500147,421d4dca-2a95-5908-0e50-3fd82598f383
2019-10-28 14:41:29,view,100026,2002,home.furniture,nova,617.73,500147,421d4dca-2a95-5908-0e50-3fd82598f383
2019-10-28 16:16:00,view,100031,2007,apparel.shoes,,415.67,500022,fe268e77-9b45-47e0-72fe-fdc23772aa97
2019-10-28 16:16:41,view,100011,2003,appliances.kitchen,orbit,144.15,500022,fe268e77-9b45-47e0-72fe-fdc23772aa97
2019-10-28 16:17:32,view,100015,2007,apparel.shoes,prime,116.72,500022,fe268e77-9b45-47e0-72fe-fdc23772aa97
2019-10-28 16:19:47,cart,100015,2007,apparel.shoes,prime,116.72,500022,fe268e77-9b45-47e0-72fe-fdc23772aa97
2019-10-28 16:22:47,purchase,100015,2007,apparel.shoes,prime,116.72,500022,fe268e77-9b45-47e0-72fe-fdc23772aa97
2019-10-28 16:22:47,view,100027,2003,electronics.smartphone,nova,740.51,500022,fe268e77-9b45-47e0-72fe-fdc23772aa97
2019-10-10 13:01:00,view,100002,2002,electronics.audio.headphone,nova,129.89,500018,21d8b96a-62ad-a157-60d2-759a3ad51382
2019-10-03 02:38:00,view,100007,2007,home.furniture,nova,645.84,500130,2649a478-d396-6f0a-6b77-af9eaf32baf8
2019-10-03 02:40:21,view,100012,2004,appliances.kitchen,alpha,88.01,500130,2649a478-d396-6f0a-6b77-af9eaf32baf8
2019-10-03 02:40:56,cart,100012,2004,appliances.kitchen,alpha,88.01,500130,2649a478-d396-6f0a-6b77-af9eaf32baf8
2019-10-03 02:43:49,purchase,100012,2004,appliances.kitchen,alpha,88.01,500130,2649a478-d396-6f0a-6b77-af9eaf32baf8
2019-10-03 02:43:49,view,100031,2007,apparel.shoes,,415.67,500130,2649a478-d396-6f0a-6b77-af9eaf32baf8
2019-10-03 02:46:28,view,100040,2000,apparel.shoes,prime,230.02,500130,2649a478-d396-6f0a-6b77-af9eaf32baf8
2019-10-03 02:46:33,view,100039,2007,electronics.smartphone,zen,346.55,500130,2649a478-d396-6f0a-6b77-af9eaf32baf8
2019-10-28 03:23:00,view,100028,2004,appliances.kitchen,zen,244.63,500134,0b1ec578-dff4-7c51-5ed1-0e7f6bb1f2bc
2019-10-28 03:25:32,cart,100028,2004,appliances.kitchen,zen,244.63,500134,0b1ec578-dff4-7c51-5ed1-0e7f6bb1f2bc
2019-10-28 03:26:11,purchase,100028,2004,appliances.kitchen,zen,244.63,500134,0b1ec578-dff4-7c51-5ed1-0e7f6bb1f2bc
2019-10-28 03:26:11,view,100015,2007,apparel.shoes,prime,116.72,500134,0b1ec578-dff4-7c51-5ed1-0e7f6bb1f2bc
2019-10-28 03:27:15,view,100031,2007,apparel.shoes,,415.67,500134,0b1ec578-dff4-7c51-5ed1-0e7f6bb1f2bc
2019-10-28 03:27:41,cart,100031,2007,apparel.shoes,,415.67,500134,0b1ec578-dff4-7c51-5ed1-0e7f6bb1f2bc
2019-10-28 03:30:05,purchase,100031,2007,apparel.shoes,,415.67,500134,0b1ec578-dff4-7c51-5ed1-0e7f6bb1f2bc
2019-10-28 03:30:05,view,100025,2001,apparel.shoes,zen,246.6,500134,0b1ec578-dff4-7c51-5ed1-0e7f6bb1f2bc
2019-10-28 03:30:58,cart,100025,2001,apparel.shoes,zen,246.6,500134,0b1ec578-dff4-7c51-5ed1-0e7f6bb1f2bc
2019-10-28 03:31:04,purchase,100025,2001,apparel.shoes,zen,246.6,500134,0b1ec578-dff4-7c51-5ed1-0e7f6bb1f2bc
2019-10-28 03:31:04,view,100023,2007,electronics.smartphone,prime,573.31,500134,0b1ec578-dff4-7c51-5ed1-0e7f6bb1f2bc
2019-10-08 09:03:00,view,100027,2003,electronics.smartphone,nova,740.51,500097,cde5c35a-b011-7b0a-3496-51d6a79055b0
2019-10-08 09:04:54,view,100024,2000,home.furniture,,224.11,500097,cde5c35a-b011-7b0a-3496-51d6a79055b0
2019-10-08 09:06:03,cart,100024,2000,home.furniture,,224.11,500097,cde5c35a-b011-7b0a-3496-51d6a79055b0
2019-10-08 09:08:25,purchase,100024,2000,home.furniture,,224.11,500097,cde5c35a-b011-7b0a-3496-51d6a79055b0
2019-10-08 09:08:25,view,100007,2007,home.furniture,nova,645.84,500097,cde5c35a-b011-7b0a-3496-51d6a79055b0
2019-10-15 06:56:00,view,100036,2004,electronics.audio.headphone,prime,446.7,500175,69c9520f-3425-449c-c145-d6ba65bf8e04
2019-10-15 06:58:32,cart,100036,2004,electronics.audio.headphone,prime,446.7,500175,69c9520f-3425-449c-c145-d6ba65bf8e04
2019-10-15 07:00:18,view,100031,2007,apparel.shoes,,415.67,500175,69c9520f-3425-449c-c145-d6ba65bf8e04
2019-10-15 07:03:11,cart,100031,2007,apparel.shoes,,415.67,500175,69c9520f-3425-449c-c145-d6ba65bf8e04
2019-10-15 07:04:14,purchase,100031,2007,apparel.shoes,,415.67,500175,69c9520f-3425-449c-c145-d6ba65bf8e04
2019-10-15 07:04:14,view,100012,2004,appliances.kitchen,alpha,88.01,500175,69c9520f-3425-449c-c145-d6ba65bf8e04
2019-10-15 07:05:00,cart,100012,2004,appliances.kitchen,alpha,88.01,500175,69c9520f-3425-449c-c145-d6ba65bf8e04
2019-10-15 07:07:15,purchase,100012,2004,appliances.kitchen,alpha,88.01,500175,69c9520f-3425-449c-c145-d6ba65bf8e04
2019-10-15 07:07:15,view,100024,2000,home.furniture,,224.11,500175,69c9520f-3425-449c-c145-d6ba65bf8e04
2019-10-15 07:08:46,view,100017,2001,home.furniture,orbit,521.73,500175,69c9520f-3425-449c-c145-d6ba65bf8e04
2019-10-07 22:44:00,view,100006,2006,electronics.audio.headphone,prime,543.81,500014,a2c8cf62-f6ee-137d-639c-4c6c2926205d
2019-10-18 19:47:00,view,100006,2006,electronics.audio.headphone,prime,543.81,500112,38c5ef5e-4359-ff43-1067-93b61690636b
2019-10-18 19:48:47,view,100039,2007,electronics.smartphone,zen,346.55,500112,38c5ef5e-4359-ff43-1067-93b61690636b
2019-10-18 19:51:05,cart,100039,2007,electronics.smartphone,zen,346.55,500112,38c5ef5e-4359-ff43-1067-93b61690636b
2019-10-18 19:53:42,purchase,100039,2007,electronics.smartphone,zen,346.55,500112,38c5ef5e-4359-ff43-1067-93b61690636b
2019-10-18 19:53:42,view,100003,2003,electronics.smartphone,,667.9,500112,38c5ef5e-4359-ff43-1067-93b61690636b
2019-10-24 19:24:00,view,100019,2003,appliances.kitchen,alpha,770.51,500113,a829907c-d9be-ccff-33a3-15f302bdeabe
2019-10-24 19:25:04,view,100013,2005,electronics.smartphone,orbit,763.51,500113,a829907c-d9be-ccff-33a3-15f302bdeabe
2019-10-24 19:28:01,cart,100013,2005,electronics.smartphone,orbit,763.51,500113,a829907c-d9be-ccff-33a3-15f302bdeabe
2019-10-24 19:29:07,view,100003,2003,electronics.smartphone,,667.9,500113,a829907c-d9be-ccff-33a3-15f302bdeabe
2019-10-24 19:29:34,view,100039,2007,electronics.smartphone,zen,346.55,500113,a829907c-d9be-ccff-33a3-15f302bdeabe
2019-10-24 19:31:21,cart,100039,2007,electronics.smartphone,zen,346.55,500113,a829907c-d9be-ccff-33a3-15f302bdeabe
2019-10-24 19:33:07,purchase,100039,2007,electronics.smartphone,zen,346.55,500113,a829907c-d9be-ccff-33a3-15f302bdeabe
2019-10-24 19:33:07,view,100033,2001,home.furniture,prime,240.15,500113,a829907c-d9be-ccff-33a3-15f302bdeabe
2019-10-10 04:28:00,view,100038,2006,electronics.audio.headphone,,382.83,500018,48d495a4-8cb2-1aa2-1715-1c03eb4f3638
2019-10-10 04:30:01,view,100023,2007,electronics.smartphone,prime,573.31,500018,48d495a4-8cb2-1aa2-1715-1c03eb4f3638
2019-10-10 04:32:33,cart,100023,2007,electronics.smartphone,prime,573.31,500018,48d495a4-8cb2-1aa2-1715-1c03eb4f3638
2019-10-10 04:33:22,purchase,100023,2007,electronics.smartphone,prime,573.31,500018,48d495a4-8cb2-1aa2-1715-1c03eb4f3638
2019-10-10 04:33:22,view,100018,2002,electronics.smartphone,alpha,596.83,500018,48d495a4-8cb2-1aa2-1715-1c03eb4f3638
2019-10-10 04:33:54,view,100015,2007,apparel.shoes,prime,116.72,500018,48d495a4-8cb2-1aa2-1715-1c03eb4f3638
2019-10-10 04:36:07,cart,100015,2007,apparel.shoes,prime,116.72,500018,48d495a4-8cb2-1aa2-1715-1c03eb4f3638
2019-10-10 04:36:41,view,100039,2007,electronics.smartphone,zen,346.55,500018,48d495a4-8cb2-1aa2-1715-1c03eb4f3638
2019-10-22 05:11:00,view,100037,2005,electronics.smartphone,alpha,141.79,500148,f74f6900-7159-4914-b1b6-8ecd400945ce
2019-10-22 05:13:59,cart,100037,2005,electronics.smartphone,alpha,141.79,500148,f74f6900-7159-4914-b1b6-8ecd400945ce
2019-10-22 05:16:34,view,100031,2007,apparel.shoes,,415.67,500148,f74f6900-7159-4914-b1b6-8ecd400945ce
2019-10-22 05:17:45,cart,100031,2007,apparel.shoes,,415.67,500148,f74f6900-7159-4914-b1b6-8ecd400945ce
2019-10-22 05:20:32,view,100016,2000,apparel.shoes,alpha,499.08,500148,f74f6900-7159-4914-b1b6-8ecd400945ce
2019-10-22 05:21:35,view,100022,2006,electronics.audio.headphone,,243.95,500148,f74f6900-7159-4914-b1b6-8ecd400945ce
2019-10-19 11:44:00,view,100016,2000,apparel.shoes,alpha,499.08,500133,d5098e07-b368-d836-027d-380889207bc4
2019-10-19 11:46:57,view,100019,2003,appliances.kitchen,alpha,770.51,500133,d5098e07-b368-d836-027d-380889207bc4
2019-10-19 11:48:29,cart,100019,2003,appliances.kitchen,alpha,770.51,500133,d5098e07-b368-d836-027d-380889207bc4
2019-10-19 11:49:19,purchase,100019,2003,appliances.kitchen,alpha,770.51,500133,d5098e07-b368-d836-027d-380889207bc4
2019-10-19 11:49:19,view,100006,2006,electronics.audio.headphone,prime,543.81,500133,d5098e07-b368-d836-027d-380889207bc4
2019-10-19 11:50:54,cart,100006,2006,electronics.audio.headphone,prime,543.81,500133,d5098e07-b368-d836-027d-380889207bc4
2019-10-19 11:53:25,purchase,100006,2006,electronics.audio.headphone,prime,543.81,500133,d5098e07-b368-d836-027d-380889207bc4
2019-10-10 17:51:00,view,100016,2000,apparel.shoes,alpha,499.08,500175,7fbe6bb3-30ae-d12d-e8f1-0194ee25356a
2019-10-10 17:52:03,cart,100016,2000,apparel.shoes,alpha,499.08,500175,7fbe6bb3-30ae-d12d-e8f1-0194ee25356a
2019-10-10 17:53:11,view,100017,2001,home.furniture,orbit,521.73,500175,7fbe6bb3-30ae-d12d-e8f1-0194ee25356a
2019-10-10 17:53:43,cart,100017,2001,home.furniture,orbit,521.73,500175,7fbe6bb3-30ae-d12d-e8f1-0194ee25356a
2019-10-18 05:26:00,view,100031,2007,apparel.shoes,,415.67,500158,8a9e0964-db6a-34ea-c3a5-823701b216cf
2019-10-18 05:28:43,cart,100031,2007,apparel.shoes,,415.67,500158,8a9e0964-db6a-34ea-c3a5-823701b216cf
2019-10-25 22:39:00,view,100009,2001,home.furniture,orbit,729.44,500131,c00b19de-38db-128d-65db-6e4347bf8db7
2019-10-25 22:39:13,view,100004,2004,home.furniture,alpha,533.49,500131,c00b19de-38db-128d-65db-6e4347bf8db7
2019-10-25 22:40:58,view,100034,2002,home.furniture,zen,808.55,500131,c00b19de-38db-128d-65db-6e4347bf8db7
2019-10-25 22:41:47,cart,100034,2002,home.furniture,zen,808.55,500131,c00b19de-38db-128d-65db-6e4347bf8db7
2019-10-25 22:42:22,view,100028,2004,appliances.kitchen,zen,244.63,500131,c00b19de-38db-128d-65db-6e4347bf8db7
2019-10-25 22:42:29,cart,100028,2004,appliances.kitchen,zen,244.63,500131,c00b19de-38db-128d-65db-6e4347bf8db7
2019-10-25 22:43:27,purchase,100028,2004,appliances.kitchen,zen,244.63,500131,c00b19de-38db-128d-65db-6e4347bf8db7
2019-10-25 22:43:27,view,100031,2007,apparel.shoes,,415.67,500131,c00b19de-38db-128d-65db-6e4347bf8db7
2019-10-25 22:43:57,cart,100031,2007,apparel.shoes,,415.67,500131,c00b19de-38db-128d-65db-6e4347bf8db7
2019-10-25 22:46:38,remove_from_cart,100031,2007,apparel.shoes,,415.67,500131,c00b19de-38db-128d-65db-6e4347bf8db7
2019-10-10 21:57:00,view,100022,2006,electronics.audio.headphone,,243.95,500068,f562037b-78aa-16ea-44f7-f01a3cb526d7
2019-10-10 21:58:52,view,100024,2000,home.furniture,,224.11,500068,f562037b-78aa-16ea-44f7-f01a3cb526d7
2019-10-10 22:00:32,cart,100024,2000,home.furniture,,224.11,500068,f562037b-78aa-16ea-44f7-f01a3cb526d7
2019-10-10 22:02:19,purchase,100024,2000,home.furniture,,224.11,500068,f562037b-78aa-16ea-44f7-f01a3cb526d7
2019-10-10 22:02:19,view,100012,2004,appliances.kitchen,alpha,88.01,500068,f562037b-78aa-16ea-44f7-f01a3cb526d7
2019-10-10 22:03:10,view,100032,2000,appliances.kitchen,nova,225.73,500068,f562037b-78aa-16ea-44f7-f01a3cb526d7
2019-10-10 22:05:42,view,100028,2004,appliances.kitchen,zen,244.63,500068,f562037b-78aa-16ea-44f7-f01a3cb526d7
2019-10-01 18:38:00,view,100010,2002,electronics.smartphone,nova,629.83,500061,618192de-db37-0ca7-6ea5-e3418e2ac3ff
2019-10-01 18:38:50,cart,100010,2002,electronics.smartphone,nova,629.83,500061,618192de-db37-0ca7-6ea5-e3418e2ac3ff
2019-10-01 18:39:29,view,100031,2007,apparel.shoes,,415.67,500061,618192de-db37-0ca7-6ea5-e3418e2ac3ff
2019-10-04 01:34:00,view,100037,2005,electronics.smartphone,alpha,141.79,500081,403fd582-4ccf-0a4b-7c93-243ec90b9454
2019-10-04 01:35:00,view,100004,2004,home.furniture,alpha,533.49,500081,403fd582-4ccf-0a4b-7c93-243ec90b9454
2019-10-04 01:37:06,view,100026,2002,home.furniture,nova,617.73,500081,403fd582-4ccf-0a4b-7c93-243ec90b9454
2019-10-04 01:37:35,cart,100026,2002,home.furniture,nova,617.73,500081,403fd582-4ccf-0a4b-7c93-243ec90b9454
2019-10-04 01:39:05,purchase,100026,2002,home.furniture,nova,617.73,500081,403fd582-4ccf-0a4b-7c93-243ec90b9454
2019-10-04 01:39:05,view,100007,2007,home.furniture,nova,645.84,500081,403fd582-4ccf-0a4b-7c93-243ec90b9454
2019-10-04 01:40:42,view,100011,2003,appliances.kitchen,orbit,144.15,500081,403fd582-4ccf-0a4b-7c93-243ec90b9454
2019-10-04 01:41:52,cart,100011,2003,appliances.kitchen,orbit,144.15,500081,403fd582-4ccf-0a4b-7c93-243ec90b9454
2019-10-04 01:43:42,purchase,100011,2003,appliances.kitchen,orbit,144.15,500081,403fd582-4ccf-0a4b-7c93-243ec90b9454
2019-10-24 13:32:00,view,100035,2003,apparel.shoes,orbit,201.29,500174,93acb00e-32ee-eb38-9b07-07e5f68ece81
2019-10-24 13:34:09,view,100012,2004,appliances.kitchen,alpha,88.01,500174,93acb00e-32ee-eb38-9b07-07e5f68ece81
2019-10-24 13:36:08,view,100019,2003,appliances.kitchen,alpha,770.51,500174,93acb00e-32ee-eb38-9b07-07e5f68ece81
2019-10-24 13:37:50,view,100023,2007,electronics.smartphone,prime,573.31,500174,93acb00e-32ee-eb38-9b07-07e5f68ece81
2019-10-24 13:39:53,view,100021,2005,appliances.kitchen,nova,336.31,500174,93acb00e-32ee-eb38-9b07-07e5f68ece81
2019-10-16 23:19:00,view,100037,2005,electronics.smartphone,alpha,141.79,500164,6bfc2a47-565f-1491-edb6-8b81cec68cfe
2019-10-16 23:20:03,cart,100037,2005,electronics.smartphone,alpha,141.79,500164,6bfc2a47-565f-1491-edb6-8b81cec68cfe
2019-10-16 23:22:55,purchase,100037,2005,electronics.smartphone,alpha,141.79,500164,6bfc2a47-565f-1491-edb6-8b81cec68cfe
2019-10-16 23:22:55,view,100026,2002,home.furniture,nova,617.73,500164,6bfc2a47-565f-1491-edb6-8b81cec68cfe
2019-10-16 23:24:08,view,100005,2005,electronics.smartphone,alpha,88.86,500164,6bfc2a47-565f-1491-edb6-8b81cec68cfe
2019-10-16 23:25:54,cart,100005,2005,electronics.smartphone,alpha,88.86,500164,6bfc2a47-565f-1491-edb6-8b81cec68cfe
2019-10-16 23:27:52,view,100006,2006,electronics.audio.headphone,prime,543.81,500164,6bfc2a47-565f-1491-edb6-8b81cec68cfe
2019-10-16 23:30:27,view,100011,2003,appliances.kitchen,orbit,144.15,500164,6bfc2a47-565f-1491-edb6-8b81cec68cfe
2019-10-16 23:32:27,cart,100011,2003,appliances.kitchen,orbit,144.15,500164,6bfc2a47-565f-1491-edb6-8b81cec68cfe
2019-10-16 23:33:19,remove_from_cart,100011,2003,appliances.kitchen,orbit,144.15,500164,6bfc2a47-565f-1491-edb6-8b81cec68cfe
2019-10-08 22:18:00,view,100014,2006,home.furniture,orbit,727.38,500061,be6e9d47-f0c0-804b-406b-f02da97a4f4e
2019-10-08 22:19:46,cart,100014,2006,home.furniture,orbit,727.38,500061,be6e9d47-f0c0-804b-406b-f02da97a4f4e
2019-10-13 06:40:00,view,100007,2007,home.furniture,nova,645.84,500014,8623bc74-65a2-9cc8-c55b-e95d06bfd9c4
2019-10-13 06:42:43,cart,100007,2007,home.furniture,nova,645.84,500014,8623bc74-65a2-9cc8-c55b-e95d06bfd9c4
2019-10-09 02:20:00,view,100009,2001,home.furniture,orbit,729.44,500059,7172f636-48bf-b602-bcd2-e8eb3f5560cd
2019-10-09 02:20:12,cart,100009,2001,home.furniture,orbit,729.44,500059,7172f636-48bf-b602-bcd2-e8eb3f5560cd
2019-10-09 02:21:48,view,100034,2002,home.furniture,zen,808.55,500059,7172f636-48bf-b602-bcd2-e8eb3f5560cd
2019-10-09 02:23:54,cart,100034,2002,home.furniture,zen,808.55,500059,7172f636-48bf-b602-bcd2-e8eb3f5560cd
2019-10-22 02:40:00,view,100038,2006,electronics.audio.headphone,,382.83,500035,8a0ec018-b297-69b2-f2cf-fcaef833ebfb
2019-10-22 02:42:46,view,100039,2007,electronics.smartphone,zen,346.55,500035,8a0ec018-b297-69b2-f2cf-fcaef833ebfb
2019-10-22 02:45:15,cart,100039,2007,electronics.smartphone,zen,346.55,500035,8a0ec018-b297-69b2-f2cf-fcaef833ebfb
2019-10-15 08:16:00,view,100029,2005,electronics.audio.headphone,prime,789.35,500089,ce015413-3a25-16fe-8a27-b0b07b4d8646
2019-10-15 08:17:38,cart,100029,2005,electronics.audio.headphone,prime,789.35,500089,ce015413-3a25-16fe-8a27-b0b07b4d8646
2019-10-15 08:18:22,purchase,100029,2005,electronics.audio.headphone,prime,789.35,500089,ce015413-3a25-16fe-8a27-b0b07b4d8646
2019-10-22 16:29:00,view,100023,2007,electronics.smartphone,prime,573.31,500001,d913057d-c21f-84fc-d0bc-bad585f80d9b
2019-10-22 16:31:21,cart,100023,2007,electronics.smartphone,prime,573.31,500001,d913057d-c21f-84fc-d0bc-bad585f80d9b
2019-10-22 16:33:31,view,100019,2003,appliances.kitchen,alpha,770.51,500001,d913057d-c21f-84fc-d0bc-bad585f80d9b
2019-10-19 07:10:00,view,100024,2000,home.furniture,,224.11,500075,01d909b4-cbf8-f29e-3b30-ee9798d53cf5
2019-10-19 07:11:08,cart,100024,2000,home.furniture,,224.11,500075,01d909b4-cbf8-f29e-3b30-ee9798d53cf5
2019-10-19 07:13:58,purchase,100024,2000,home.furniture,,224.11,500075,01d909b4-cbf8-f29e-3b30-ee9798d53cf5
2019-10-19 07:13:58,view,100013,2005,electronics.smartphone,orbit,763.51,500075,01d909b4-cbf8-f29e-3b30-ee9798d53cf5
2019-10-19 07:15:39,cart,100013,2005,electronics.smartphone,orbit,763.51,500075,01d909b4-cbf8-f29e-3b30-ee9798d53cf5
2019-10-19 07:16:04,purchase,100013,2005,electronics.smartphone,orbit,763.51,500075,01d909b4-cbf8-f29e-3b30-ee9798d53cf5
2019-10-19 07:16:04,view,100027,2003,electronics.smartphone,nova,740.51,500075,01d909b4-cbf8-f29e-3b30-ee9798d53cf5
2019-10-19 07:17:10,view,100036,2004,electronics.audio.headphone,prime,446.7,500075,01d909b4-cbf8-f29e-3b30-ee9798d53cf5
2019-10-19 07:19:51,view,100028,2004,appliances.kitchen,zen,244.63,500075,01d909b4-cbf8-f29e-3b30-ee9798d53cf5
2019-10-19 07:22:51,cart,100028,2004,appliances.kitchen,zen,244.63,500075,01d909b4-cbf8-f29e-3b30-ee9798d53cf5
2019-10-30 07:39:00,view,100019,2003,appliances.kitchen,alpha,770.51,500106,2eb23ca3-1186-da93-da7d-cc533020cf06
2019-10-30 07:41:01,view,100008,2000,home.furniture,zen,202.29,500106,2eb23ca3-1186-da93-da7d-cc533020cf06
2019-10-02 08:10:00,view,100035,2003,apparel.shoes,orbit,201.29,500126,26f341c8-04f7-18c8-5215-b5033012f819
2019-10-05 10:31:00,view,100015,2007,apparel.shoes,prime,116.72,500073,703c1286-b717-14cd-2002-91bb44e9f8fb
2019-10-05 10:31:43,cart,100015,2007,apparel.shoes,prime,116.72,500073,703c1286-b717-14cd-2002-91bb44e9f8fb
2019-10-05 10:32:43,purchase,100015,2007,apparel.shoes,prime,116.72,500073,703c1286-b717-14cd-2002-91bb44e9f8fb
2019-10-04 23:37:00,view,100030,2006,appliances.kitchen,nova,591.62,500080,ff7a884d-7f96-dd35-cca9-9089c9254bb5
2019-10-04 23:37:42,cart,100030,2006,appliances.kitchen,nova,591.62,500080,ff7a884d-7f96-dd35-cca9-9089c9254bb5
2019-10-04 23:39:27,purchase,100030,2006,appliances.kitchen,nova,591.62,500080,ff7a884d-7f96-dd35-cca9-9089c9254bb5
2019-10-04 23:39:27,view,100003,2003,electronics.smartphone,,667.9,500080,ff7a884d-7f96-dd35-cca9-9089c9254bb5
2019-10-04 23:41:32,cart,100003,2003,electronics.smartphone,,667.9,500080,ff7a884d-7f96-dd35-cca9-9089c9254bb5
2019-10-04 23:42:41,view,100022,2006,electronics.audio.headphone,,243.95,500080,ff7a884d-7f96-dd35-cca9-9089c9254bb5
2019-10-22 07:21:00,view,100003,2003,electronics.smartphone,,667.9,500064,7165e36b-f997-c779-c56f-05e662821d61
2019-10-22 07:21:29,view,100013,2005,electronics.smartphone,orbit,763.51,500064,7165e36b-f997-c779-c56f-05e662821d61
2019-10-22 07:22:27,cart,100013,2005,electronics.smartphone,orbit,763.51,500064,7165e36b-f997-c779-c56f-05e662821d61
2019-10-10 09:03:00,view,100034,2002,home.furniture,zen,808.55,500041,bea6450f-0acc-b23c-ba6d-bed8a110e887
2019-10-10 09:04:37,view,100008,2000,home.furniture,zen,202.29,500041,bea6450f-0acc-b23c-ba6d-bed8a110e887
2019-10-10 09:07:32,cart,100008,2000,home.furniture,zen,202.29,500041,bea6450f-0acc-b23c-ba6d-bed8a110e887
2019-10-10 09:08:05,purchase,100008,2000,home.furniture,zen,202.29,500041,bea6450f-0acc-b23c-ba6d-bed8a110e887
2019-10-10 09:08:05,view,100017,2001,home.furniture,orbit,521.73,500041,bea6450f-0acc-b23c-ba6d-bed8a110e887
2019-10-10 09:10:01,cart,100017,2001,home.furniture,orbit,521.73,500041,bea6450f-0acc-b23c-ba6d-bed8a110e887
2019-10-10 09:10:48,view,100031,2007,apparel.shoes,,415.67,500041,bea6450f-0acc-b23c-ba6d-bed8a110e887
2019-10-10 09:12:34,view,100020,2004,electronics.smartphone,zen,253.79,500041,bea6450f-0acc-b23c-ba6d-bed8a110e887
2019-10-24 02:02:00,view,100010,2002,electronics.smartphone,nova,629.83,500149,b03b6934-79ab-56d1-b0d5-15abc891d55d
2019-10-24 02:02:28,view,100024,2000,home.furniture,,224.11,500149,b03b6934-79ab-56d1-b0d5-15abc891d55d
2019-10-24 02:03:59,view,100006,2006,electronics.audio.headphone,prime,543.81,500149,b03b6934-79ab-56d1-b0d5-15abc891d55d
2019-10-24 02:06:44,cart,100006,2006,electronics.audio.headphone,prime,543.81,500149,b03b6934-79ab-56d1-b0d5-15abc891d55d
2019-10-24 02:08:20,view,100016,2000,apparel.shoes,alpha,499.08,500149,b03b6934-79ab-56d1-b0d5-15abc891d55d
2019-10-24 02:08:52,cart,100016,2000,apparel.shoes,alpha,499.08,500149,b03b6934-79ab-56d1-b0d5-15abc891d55d
2019-10-24 02:09:56,purchase,100016,2000,apparel.shoes,alpha,499.08,500149,b03b6934-79ab-56d1-b0d5-15abc891d55d
2019-10-24 02:09:56,view,100011,2003,appliances.kitchen,orbit,144.15,500149,b03b6934-79ab-56d1-b0d5-15abc891d55d
2019-10-17 15:12:00,view,100002,2002,electronics.audio.headphone,nova,129.89,500089,bbb24366-704f-e1a8-e44c-bd41ce36e92a
2019-10-17 15:12:39,cart,100002,2002,electronics.audio.headphone,nova,129.89,500089,bbb24366-704f-e1a8-e44c-bd41ce36e92a
2019-10-17 15:12:54,purchase,100002,2002,electronics.audio.headphone,nova,129.89,500089,bbb24366-704f-e1a8-e44c-bd41ce36e92a
2019-10-17 15:12:54,view,100025,2001,apparel.shoes,zen,246.6,500089,bbb24366-704f-e1a8-e44c-bd41ce36e92a
2019-10-16 01:32:00,view,100035,2003,apparel.shoes,orbit,201.29,500139,91135d7e-3095-2621-7d76-ab58b271115b
2019-10-16 01:34:04,cart,100035,2003,apparel.shoes,orbit,201.29,500139,91135d7e-3095-2621-7d76-ab58b271115b
2019-10-16 01:36:42,view,100023,2007,electronics.smartphone,prime,573.31,500139,91135d7e-3095-2621-7d76-ab58b271115b
2019-10-18 14:00:00,view,100030,2006,appliances.kitchen,nova,591.62,500116,8aa6b006-436a-db9d-d1c5-6a004bb13407
2019-10-18 14:00:52,view,100001,2001,electronics.smartphone,alpha,668.69,500116,8aa6b006-436a-db9d-d1c5-6a004bb13407
2019-10-18 14:03:35,view,100033,2001,home.furniture,prime,240.15,500116,8aa6b006-436a-db9d-d1c5-6a004bb13407
2019-10-18 14:06:18,cart,100033,2001,home.furniture,prime,240.15,500116,8aa6b006-436a-db9d-d1c5-6a004bb13407
2019-10-30 12:02:00,view,100010,2002,electronics.smartphone,nova,629.83,500100,7f5f61aa-aee7-c7a5-8629-6fbe309b48dd
2019-10-30 12:03:27,cart,100010,2002,electronics.smartphone,nova,629.83,500100,7f5f61aa-aee7-c7a5-8629-6fbe309b48dd
2019-10-30 12:05:45,remove_from_cart,100010,2002,electronics.smartphone,nova,629.83,500100,7f5f61aa-aee7-c7a5-8629-6fbe309b48dd
2019-10-30 12:05:45,view,100040,2000,apparel.shoes,prime,230.02,500100,7f5f61aa-aee7-c7a5-8629-6fbe309b48dd
2019-10-30 12:06:23,cart,100040,2000,apparel.shoes,prime,230.02,500100,7f5f61aa-aee7-c7a5-8629-6fbe309b48dd
2019-10-30 12:06:36,purchase,100040,2000,apparel.shoes,prime,230.02,500100,7f5f61aa-aee7-c7a5-8629-6fbe309b48dd
2019-10-30 12:06:36,view,100019,2003,appliances.kitchen,alpha,770.51,500100,7f5f61aa-aee7-c7a5-8629-6fbe309b48dd
2019-10-30 12:08:45,cart,100019,2003,appliances.kitchen,alpha,770.51,500100,7f5f61aa-aee7-c7a5-8629-6fbe309b48dd
2019-10-30 12:08:58,purchase,100019,2003,appliances.kitchen,alpha,770.51,500100,7f5f61aa-aee7-c7a5-8629-6fbe309b48dd
2019-10-30 12:08:58,view,100021,2005,appliances.kitchen,nova,336.31,500100,7f5f61aa-aee7-c7a5-8629-6fbe309b48dd
2019-10-30 12:10:42,view,100027,2003,electronics.smartphone,nova,740.51,500100,7f5f61aa-aee7-c7a5-8629-6fbe309b48dd
2019-10-22 15:14:00,view,100005,2005,electronics.smartphone,alpha,88.86,500152,388149dc-5dc9-6097-0c90-e0284185300d
2019-10-22 15:16:48,cart,100005,2005,electronics.smartphone,alpha,88.86,500152,388149dc-5dc9-6097-0c90-e0284185300d
2019-10-22 15:19:15,view,100001,2001,electronics.smartphone,alpha,668.69,500152,388149dc-5dc9-6097-0c90-e0284185300d
2019-10-22 15:20:54,view,100014,2006,home.furniture,orbit,727.38,500152,388149dc-5dc9-6097-0c90-e0284185300d
2019-10-22 15:21:13,view,100032,2000,appliances.kitchen,nova,225.73,500152,388149dc-5dc9-6097-0c90-e0284185300d
2019-10-22 15:22:26,view,100006,2006,electronics.audio.headphone,prime,543.81,500152,388149dc-5dc9-6097-0c90-e0284185300d
2019-10-11 20:19:00,view,100007,2007,home.furniture,nova,645.84,500020,84fcfcb0-f5e9-0352-3745-39f2f1d188b9
2019-10-11 20:21:21,cart,100007,2007,home.furniture,nova,645.84,500020,84fcfcb0-f5e9-0352-3745-39f2f1d188b9
2019-10-11 20:22:15,purchase,100007,2007,home.furniture,nova,645.84,500020,84fcfcb0-f5e9-0352-3745-39f2f1d188b9
2019-10-22 05:02:00,view,100036,2004,electronics.audio.headphone,prime,446.7,500064,2dcc4095-f28f-9444-a015-4d6591ed554a
2019-10-22 05:04:55,cart,100036,2004,electronics.audio.headphone,prime,446.7,500064,2dcc4095-f28f-9444-a015-4d6591ed554a
2019-10-22 05:05:26,purchase,100036,2004,electronics.audio.headphone,prime,446.7,500064,2dcc4095-f28f-9444-a015-4d6591ed554a
2019-10-22 05:05:26,view,100027,2003,electronics.smartphone,nova,740.51,500064,2dcc4095-f28f-9444-a015-4d6591ed554a
2019-10-22 05:06:17,view,100007,2007,home.furniture,nova,645.84,500064,2dcc4095-f28f-9444-a015-4d6591ed554a
2019-10-22 05:08:31,cart,100007,2007,home.furniture,nova,645.84,500064,2dcc4095-f28f-9444-a015-4d6591ed554a
2019-10-22 05:09:16,purchase,100007,2007,home.furniture,nova,645.84,500064,2dcc4095-f28f-9444-a015-4d6591ed554a
2019-10-22 05:09:16,view,100037,2005,electronics.smartphone,alpha,141.79,500064,2dcc4095-f28f-9444-a015-4d6591ed554a
2019-10-22 05:11:54,cart,100037,2005,electronics.smartphone,alpha,141.79,500064,2dcc4095-f28f-9444-a015-4d6591ed554a
2019-10-22 05:13:29,view,100023,2007,electronics.smartphone,prime,573.31,500064,2dcc4095-f28f-9444-a015-4d6591ed554a
2019-10-26 03:58:00,view,100039,2007,electronics.smartphone,zen,346.55,500106,d37ee471-6e3b-0507-a21c-1209c3a1962d
2019-10-26 03:58:59,cart,100039,2007,electronics.smartphone,zen,346.55,500106,d37ee471-6e3b-0507-a21c-1209c3a1962d
2019-10-26 04:01:24,view,100016,2000,apparel.shoes,alpha,499.08,500106,d37ee471-6e3b-0507-a21c-1209c3a1962d
2019-10-26 04:03:24,cart,100016,2000,apparel.shoes,alpha,499.08,500106,d37ee471-6e3b-0507-a21c-1209c3a1962d
2019-10-26 04:05:10,purchase,100016,2000,apparel.shoes,alpha,499.08,500106,d37ee471-6e3b-0507-a21c-1209c3a1962d
2019-10-26 04:05:10,view,100037,2005,electronics.smartphone,alpha,141.79,500106,d37ee471-6e3b-0507-a21c-1209c3a1962d
2019-10-11 02:38:00,view,100001,2001,electronics.smartphone,alpha,668.69,500153,fe503fdc-2294-fa0a-8482-0c08042c65ad
2019-10-11 02:39:25,cart,100001,2001,electronics.smartphone,alpha,668.69,500153,fe503fdc-2294-fa0a-8482-0c08042c65ad
2019-10-11 02:40:40,view,100020,2004,electronics.smartphone,zen,253.79,500153,fe503fdc-2294-fa0a-8482-0c08042c65ad
2019-10-11 02:43:11,view,100015,2007,apparel.shoes,prime,116.72,500153,fe503fdc-2294-fa0a-8482-0c08042c65ad
2019-10-11 02:43:55,cart,100015,2007,apparel.shoes,prime,116.72,500153,fe503fdc-2294-fa0a-8482-0c08042c65ad
2019-10-11 02:45:57,purchase,100015,2007,apparel.shoes,prime,116.72,500153,fe503fdc-2294-fa0a-8482-0c08042c65ad
2019-10-15 00:00:00,view,100015,2007,apparel.shoes,prime,116.72,500036,95082801-e3be-7ca0-5df9-24fb43d643ed
2019-10-15 00:00:28,view,100017,2001,home.furniture,orbit,521.73,500036,95082801-e3be-7ca0-5df9-24fb43d643ed
2019-10-05 16:09:00,view,100032,2000,appliances.kitchen,nova,225.73,500020,7b874b4a-cafb-c4fe-531f-04afb93c92d5
2019-10-05 16:11:37,view,100037,2005,electronics.smartphone,alpha,141.79,500020,7b874b4a-cafb-c4fe-531f-04afb93c92d5
2019-10-06 19:39:00,view,100023,2007,electronics.smartphone,prime,573.31,500148,0e50f355-c7b6-11cd-1417-182a61ad018a
2019-10-06 19:40:03,view,100028,2004,appliances.kitchen,zen,244.63,500148,0e50f355-c7b6-11cd-1417-182a61ad018a
2019-10-06 19:42:42,view,100027,2003,electronics.smartphone,nova,740.51,500148,0e50f355-c7b6-11cd-1417-182a61ad018a
2019-10-16 04:59:00,view,100035,2003,apparel.shoes,orbit,201.29,500098,0a8aeb94-863d-fcd6-4e06-48d00ddb545b
2019-10-16 05:01:13,view,100037,2005,electronics.smartphone,alpha,141.79,500098,0a8aeb94-863d-fcd6-4e06-48d00ddb545b
2019-10-16 05:01:57,cart,100037,2005,electronics.smartphone,alpha,141.79,500098,0a8aeb94-863d-fcd6-4e06-48d00ddb545b
2019-10-16 05:03:42,view,100010,2002,electronics.smartphone,nova,629.83,500098,0a8aeb94-863d-fcd6-4e06-48d00ddb545b
2019-10-05 02:09:00,view,100009,2001,home.furniture,orbit,729.44,500057,64f2502e-c94f-6ed3-4a2f-38766e935615
2019-10-05 02:11:06,view,100022,2006,electronics.audio.headphone,,243.95,500057,64f2502e-c94f-6ed3-4a2f-38766e935615
2019-10-26 18:54:00,view,100009,2001,home.furniture,orbit,729.44,500068,6f3acf33-8077-7ac5-6605-de3c15c7bc83
2019-10-26 18:54:55,view,100031,2007,apparel.shoes,,415.67,500068,6f3acf33-8077-7ac5-6605-de3c15c7bc83
2019-10-13 10:49:00,view,100016,2000,apparel.shoes,alpha,499.08,500144,86351a54-bc54-b8c1-ff40-8dcc9db1f7f9
2019-10-13 10:50:55,cart,100016,2000,apparel.shoes,alpha,499.08,500144,86351a54-bc54-b8c1-ff40-8dcc9db1f7f9
2019-10-13 10:53:27,purchase,100016,2000,apparel.shoes,alpha,499.08,500144,86351a54-bc54-b8c1-ff40-8dcc9db1f7f9
2019-10-13 10:53:27,view,100005,2005,electronics.smartphone,alpha,88.86,500144,86351a54-bc54-b8c1-ff40-8dcc9db1f7f9
2019-10-13 10:56:23,cart,100005,2005,electronics.smartphone,alpha,88.86,500144,86351a54-bc54-b8c1-ff40-8dcc9db1f7f9
2019-10-13 10:58:01,purchase,100005,2005,electronics.smartphone,alpha,88.86,500144,86351a54-bc54-b8c1-ff40-8dcc9db1f7f9
2019-10-21 11:00:00,view,100011,2003,appliances.kitchen,orbit,144.15,500083,06326b36-a7c8-f0c5-9808-552c5832c8de
2019-10-21 11:02:44,cart,100011,2003,appliances.kitchen,orbit,144.15,500083,06326b36-a7c8-f0c5-9808-552c5832c8de
2019-10-21 11:03:00,view,100023,2007,electronics.smartphone,prime,573.31,500083,06326b36-a7c8-f0c5-9808-552c5832c8de
2019-10-21 11:06:00,cart,100023,2007,electronics.smartphone,prime,573.31,500083,06326b36-a7c8-f0c5-9808-552c5832c8de
2019-10-21 11:06:26,purchase,100023,2007,electronics.smartphone,prime,573.31,500083,06326b36-a7c8-f0c5-9808-552c5832c8de
2019-10-21 11:06:26,view,100040,2000,apparel.shoes,prime,230.02,500083,06326b36-a7c8-f0c5-9808-552c5832c8de
2019-10-21 11:06:44,cart,100040,2000,apparel.shoes,prime,230.02,500083,06326b36-a7c8-f0c5-9808-552c5832c8de
2019-10-21 19:35:00,view,100020,2004,electronics.smartphone,zen,253.79,500074,cde55848-b19c-905e-57e0-a1f103840661
2019-10-21 19:37:05,cart,100020,2004,electronics.smartphone,zen,253.79,500074,cde55848-b19c-905e-57e0-a1f103840661
2019-10-21 19:38:03,remove_from_cart,100020,2004,electronics.smartphone,zen,253.79,500074,cde55848-b19c-905e-57e0-a1f103840661
2019-10-27 20:47:00,view,100040,2000,apparel.shoes,prime,230.02,500140,8c7e2904-4237-692a-c017-466e85f4c0a2
2019-10-27 20:49:54,view,100010,2002,electronics.smartphone,nova,629.83,500140,8c7e2904-4237-692a-c017-466e85f4c0a2
2019-10-27 20:51:04,cart,100010,2002,electronics.smartphone,nova,629.83,500140,8c7e2904-4237-692a-c017-466e85f4c0a2
2019-10-27 20:52:21,purchase,100010,2002,electronics.smartphone,nova,629.83,500140,8c7e2904-4237-692a-c017-466e85f4c0a2
2019-10-27 20:52:21,view,100002,2002,electronics.audio.headphone,nova,129.89,500140,8c7e2904-4237-692a-c017-466e85f4c0a2
2019-10-27 20:55:04,cart,100002,2002,electronics.audio.headphone,nova,129.89,500140,8c7e2904-4237-692a-c017-466e85f4c0a2
2019-10-27 20:57:08,remove_from_cart,100002,2002,electronics.audio.headphone,nova,129.89,500140,8c7e2904-4237-692a-c017-466e85f4c0a2
2019-10-27 20:57:08,view,100025,2001,apparel.shoes,zen,246.6,500140,8c7e2904-4237-692a-c017-466e85f4c0a2
2019-10-14 15:28:00,view,100002,2002,electronics.audio.headphone,nova,129.89,500170,5c375254-a8fc-5690-e9b1-c4a1da221b85
2019-10-14 15:30:51,cart,100002,2002,electronics.audio.headphone,nova,129.89,500170,5c375254-a8fc-5690-e9b1-c4a1da221b85
2019-10-14 15:32:33,purchase,100002,2002,electronics.audio.headphone,nova,129.89,500170,5c375254-a8fc-5690-e9b1-c4a1da221b85
2019-10-22 04:14:00,view,100035,2003,apparel.shoes,orbit,201.29,500026,dde4d194-7c12-d198-50c1-b8f7e76428c4
2019-10-22 04:16:28,view,100006,2006,electronics.audio.headphone,prime,543.81,500026,dde4d194-7c12-d198-50c1-b8f7e76428c4
2019-10-22 04:16:38,cart,100006,2006,electronics.audio.headphone,prime,543.81,500026,dde4d194-7c12-d198-50c1-b8f7e76428c4
2019-10-22 04:18:58,purchase,100006,2006,electronics.audio.headphone,prime,543.81,500026,dde4d194-7c12-d198-50c1-b8f7e76428c4
2019-10-22 04:18:58,view,100012,2004,appliances.kitchen,alpha,88.01,500026,dde4d194-7c12-d198-50c1-b8f7e76428c4
2019-10-22 04:21:08,cart,100012,2004,appliances.kitchen,alpha,88.01,500026,dde4d194-7c12-d198-50c1-b8f7e76428c4
2019-10-22 04:21:53,purchase,100012,2004,appliances.kitchen,alpha,88.01,500026,dde4d194-7c12-d198-50c1-b8f7e76428c4
2019-10-22 04:21:53,view,100013,2005,electronics.smartphone,orbit,763.51,500026,dde4d194-7c12-d198-50c1-b8f7e76428c4
2019-10-22 04:24:53,cart,100013,2005,electronics.smartphone,orbit,763.51,500026,dde4d194-7c12-d198-50c1-b8f7e76428c4
2019-10-22 04:27:38,purchase,100013,2005,electronics.smartphone,orbit,763.51,500026,dde4d194-7c12-d198-50c1-b8f7e76428c4
2019-10-22 04:27:38,view,100033,2001,home.furniture,prime,240.15,500026,dde4d194-7c12-d198-50c1-b8f7e76428c4
2019-10-22 04:29:51,cart,100033,2001,home.furniture,prime,240.15,500026,dde4d194-7c12-d198-50c1-b8f7e76428c4
2019-10-19 05:05:00,view,100010,2002,electronics.smartphone,nova,629.83,500008,47bac8aa-f2f9-4b2c-8e10-814ff1b2f143
2019-10-19 05:07:53,cart,100010,2002,electronics.smartphone,nova,629.83,500008,47bac8aa-f2f9-4b2c-8e10-814ff1b2f143
2019-10-19 05:09:35,purchase,100010,2002,electronics.smartphone,nova,629.83,500008,47bac8aa-f2f9-4b2c-8e10-814ff1b2f143
2019-10-19 05:09:35,view,100022,2006,electronics.audio.headphone,,243.95,500008,47bac8aa-f2f9-4b2c-8e10-814ff1b2f143
2019-10-21 18:36:00,view,100010,2002,electronics.smartphone,nova,629.83,500161,3d884938-6ad6-5b8c-3a38-b844afbffde4
2019-10-21 18:38:23,cart,100010,2002,electronics.smartphone,nova,629.83,500161,3d884938-6ad6-5b8c-3a38-b844afbffde4
2019-10-21 18:41:15,purchase,100010,2002,electronics.smartphone,nova,629.83,500161,3d884938-6ad6-5b8c-3a38-b844afbffde4
2019-10-21 18:41:15,view,100028,2004,appliances.kitchen,zen,244.63,500161,3d884938-6ad6-5b8c-3a38-b844afbffde4
2019-10-21 18:43:38,view,100020,2004,electronics.smartphone,zen,253.79,500161,3d884938-6ad6-5b8c-3a38-b844afbffde4
2019-10-21 18:44:34,view,100039,2007,electronics.smartphone,zen,346.55,500161,3d884938-6ad6-5b8c-3a38-b844afbffde4
2019-10-21 18:45:58,view,100022,2006,electronics.audio.headphone,,243.95,500161,3d884938-6ad6-5b8c-3a38-b844afbffde4
2019-10-15 18:47:00,view,100037,2005,electronics.smartphone,alpha,141.79,500111,c521ff2e-f9cc-83ed-e8b4-5c6afee543b3
2019-10-15 18:47:22,view,100011,2003,appliances.kitchen,orbit,144.15,500111,c521ff2e-f9cc-83ed-e8b4-5c6afee543b3
2019-10-15 18:47:57,cart,100011,2003,appliances.kitchen,orbit,144.15,500111,c521ff2e-f9cc-83ed-e8b4-5c6afee543b3
2019-10-07 07:40:00,view,100010,2002,electronics.smartphone,nova,629.83,500106,7168bdec-4da8-38b7-6947-cbacf610f40d
2019-10-07 07:40:52,cart,100010,2002,electronics.smartphone,nova,629.83,500106,7168bdec-4da8-38b7-6947-cbacf610f40d
2019-10-07 07:43:33,view,100013,2005,electronics.smartphone,orbit,763.51,500106,7168bdec-4da8-38b7-6947-cbacf610f40d
2019-10-07 07:46:14,cart,100013,2005,electronics.smartphone,orbit,763.51,500106,7168bdec-4da8-38b7-6947-cbacf610f40d
2019-10-07 07:47:18,purchase,100013,2005,electronics.smartphone,orbit,763.51,500106,7168bdec-4da8-38b7-6947-cbacf610f40d
2019-10-07 07:47:18,view,100007,2007,home.furniture,nova,645.84,500106,7168bdec-4da8-38b7-6947-cbacf610f40d
2019-10-07 07:47:29,cart,100007,2007,home.furniture,nova,645.84,500106,7168bdec-4da8-38b7-6947-cbacf610f40d
2019-10-07 07:49:36,purchase,100007,2007,home.furniture,nova,645.84,500106,7168bdec-4da8-38b7-6947-cbacf610f40d
2019-10-22 21:34:00,view,100025,2001,apparel.shoes,zen,246.6,500155,5fbbcda5-a64a-1fe8-b646-e2b17800e27a
2019-10-22 21:34:40,cart,100025,2001,apparel.shoes,zen,246.6,500155,5fbbcda5-a64a-1fe8-b646-e2b17800e27a
2019-10-22 21:35:42,purchase,100025,2001,apparel.shoes,zen,246.6,500155,5fbbcda5-a64a-1fe8-b646-e2b17800e27a
2019-10-22 21:35:42,view,100032,2000,appliances.kitchen,nova,225.73,500155,5fbbcda5-a64a-1fe8-b646-e2b17800e27a
2019-10-09 09:24:00,view,100014,2006,home.furniture,orbit,727.38,500106,fcfd8547-abdc-e0da-be0b-bddd38f95001
2019-10-09 09:25:57,view,100005,2005,electronics.smartphone,alpha,88.86,500106,fcfd8547-abdc-e0da-be0b-bddd38f95001
2019-10-18 15:28:00,view,100039,2007,electronics.smartphone,zen,346.55,500118,67a55936-6d74-4a0b-3f2d-39c8e338e579
2019-10-18 15:29:25,cart,100039,2007,electronics.smartphone,zen,346.55,500118,67a55936-6d74-4a0b-3f2d-39c8e338e579
2019-10-24 22:33:00,view,100016,2000,apparel.shoes,alpha,499.08,500010,74f76d09-739c-afa5-1bfc-270c85494255
2019-10-24 22:35:22,cart,100016,2000,apparel.shoes,alpha,499.08,500010,74f76d09-739c-afa5-1bfc-270c85494255
2019-10-24 22:35:37,purchase,100016,2000,apparel.shoes,alpha,499.08,500010,74f76d09-739c-afa5-1bfc-270c85494255
2019-10-19 10:45:00,view,100019,2003,appliances.kitchen,alpha,770.51,500133,0c9ea060-f66c-7331-a172-2ee3c3e1847c
2019-10-19 10:46:22,view,100029,2005,electronics.audio.headphone,prime,789.35,500133,0c9ea060-f66c-7331-a172-2ee3c3e1847c
2019-10-19 10:47:40,cart,100029,2005,electronics.audio.headphone,prime,789.35,500133,0c9ea060-f66c-7331-a172-2ee3c3e1847c
2019-10-19 10:49:33,purchase,100029,2005,electronics.audio.headphone,prime,789.35,500133,0c9ea060-f66c-7331-a172-2ee3c3e1847c
2019-10-09 12:21:00,view,100029,2005,electronics.audio.headphone,prime,789.35,500014,2469d0c2-e757-4997-8458-1f73b0a0c1cd
2019-10-09 12:23:34,view,100006,2006,electronics.audio.headphone,prime,543.81,500014,2469d0c2-e757-4997-8458-1f73b0a0c1cd
2019-10-09 12:25:58,cart,100006,2006,electronics.audio.headphone,prime,543.81,500014,2469d0c2-e757-4997-8458-1f73b0a0c1cd
2019-10-09 12:27:48,purchase,100006,2006,electronics.audio.headphone,prime,543.81,500014,2469d0c2-e757-4997-8458-1f73b0a0c1cd
2019-10-09 12:27:48,view,100033,2001,home.furniture,prime,240.15,500014,2469d0c2-e757-4997-8458-1f73b0a0c1cd
2019-10-09 12:27:59,cart,100033,2001,home.furniture,prime,240.15,500014,2469d0c2-e757-4997-8458-1f73b0a0c1cd
2019-10-09 12:30:35,view,100008,2000,home.furniture,zen,202.29,500014,2469d0c2-e757-4997-8458-1f73b0a0c1cd
2019-10-09 12:32:36,cart,100008,2000,home.furniture,zen,202.29,500014,2469d0c2-e757-4997-8458-1f73b0a0c1cd
2019-10-30 04:34:00,view,100029,2005,electronics.audio.headphone,prime,789.35,500042,17584f23-1fa0-9802-bbb7-1494b7e767d4
2019-10-30 04:35:37,cart,100029,2005,electronics.audio.headphone,prime,789.35,500042,17584f23-1fa0-9802-bbb7-1494b7e767d4
2019-10-08 03:56:00,view,100003,2003,electronics.smartphone,,667.9,500157,8ce377d7-60f1-1528-28ef-2f46f323123e
2019-10-08 03:56:46,view,100011,2003,appliances.kitchen,orbit,144.15,500157,8ce377d7-60f1-1528-28ef-2f46f323123e
2019-10-08 03:57:36,view,100022,2006,electronics.audio.headphone,,243.95,500157,8ce377d7-60f1-1528-28ef-2f46f323123e
2019-10-08 03:57:54,cart,100022,2006,electronics.audio.headphone,,243.95,500157,8ce377d7-60f1-1528-28ef-2f46f323123e
2019-10-08 03:59:18,view,100037,2005,electronics.smartphone,alpha,141.79,500157,8ce377d7-60f1-1528-28ef-2f46f323123e
2019-10-12 20:27:00,view,100040,2000,apparel.shoes,prime,230.02,500031,33ee16e7-f5de-feba-21ae-a39be606d7c2
2019-10-12 20:27:08,cart,100040,2000,apparel.shoes,prime,230.02,500031,33ee16e7-f5de-feba-21ae-a39be606d7c2
2019-10-12 20:29:20,purchase,100040,2000,apparel.shoes,prime,230.02,500031,33ee16e7-f5de-feba-21ae-a39be606d7c2
2019-10-21 23:36:00,view,100038,2006,electronics.audio.headphone,,382.83,500002,3ce5988c-7e53-d702-e1f8-d1929ba4d5a6
2019-10-21 23:37:49,cart,100038,2006,electronics.audio.headphone,,382.83,500002,3ce5988c-7e53-d702-e1f8-d1929ba4d5a6
2019-10-21 23:40:27,view,100031,2007,apparel.shoes,,415.67,500002,3ce5988c-7e53-d702-e1f8-d1929ba4d5a6
2019-10-21 23:42:52,cart,100031,2007,apparel.shoes,,415.67,500002,3ce5988c-7e53-d702-e1f8-d1929ba4d5a6
2019-10-21 23:45:37,purchase,100031,2007,apparel.shoes,,415.67,500002,3ce5988c-7e53-d702-e1f8-d1929ba4d5a6
2019-10-28 18:56:00,view,100003,2003,electronics.smartphone,,667.9,500054,0e18ab96-25f4-1dd6-2f51-ac6e0c85f154
2019-10-28 18:57:21,cart,100003,2003,electronics.smartphone,,667.9,500054,0e18ab96-25f4-1dd6-2f51-ac6e0c85f154
2019-10-28 18:57:48,purchase,100003,2003,electronics.smartphone,,667.9,500054,0e18ab96-25f4-1dd6-2f51-ac6e0c85f154
2019-10-28 18:57:48,view,100010,2002,electronics.smartphone,nova,629.83,500054,0e18ab96-25f4-1dd6-2f51-ac6e0c85f154
2019-10-28 18:59:39,view,100037,2005,electronics.smartphone,alpha,141.79,500054,0e18ab96-25f4-1dd6-2f51-ac6e0c85f154
2019-10-02 23:08:00,view,100036,2004,electronics.audio.headphone,prime,446.7,500157,984fe323-b329-2925-b107-094ea9325ae1
2019-10-02 23:08:28,view,100012,2004,appliances.kitchen,alpha,88.01,500157,984fe323-b329-2925-b107-094ea9325ae1
2019-10-02 23:09:55,cart,100012,2004,appliances.kitchen,alpha,88.01,500157,984fe323-b329-2925-b107-094ea9325ae1
2019-10-02 23:11:37,view,100030,2006,appliances.kitchen,nova,591.62,500157,984fe323-b329-2925-b107-094ea9325ae1
2019-10-02 23:14:02,cart,100030,2006,appliances.kitchen,nova,591.62,500157,984fe323-b329-2925-b107-094ea9325ae1
2019-10-02 23:16:07,purchase,100030,2006,appliances.kitchen,nova,591.62,500157,984fe323-b329-2925-b107-094ea9325ae1
2019-10-02 23:16:07,view,100038,2006,electronics.audio.headphone,,382.83,500157,984fe323-b329-2925-b107-094ea9325ae1
2019-10-02 23:17:22,cart,100038,2006,electronics.audio.headphone,,382.83,500157,984fe323-b329-2925-b107-094ea9325ae1
2019-10-02 23:19:12,purchase,100038,2006,electronics.audio.headphone,,382.83,500157,984fe323-b329-2925-b107-094ea9325ae1
2019-10-02 23:19:12,view,100024,2000,home.furniture,,224.11,500157,984fe323-b329-2925-b107-094ea9325ae1
2019-10-29 01:01:00,view,100006,2006,electronics.audio.headphone,prime,543.81,500028,a104bdce-fab6-ad91-bacf-7cfc92451cc4
2019-10-29 01:02:26,cart,100006,2006,electronics.audio.headphone,prime,543.81,500028,a104bdce-fab6-ad91-bacf-7cfc92451cc4
2019-10-29 01:04:58,view,100031,2007,apparel.shoes,,415.67,500028,a104bdce-fab6-ad91-bacf-7cfc92451cc4
2019-10-29 01:05:36,view,100039,2007,electronics.smartphone,zen,346.55,500028,a104bdce-fab6-ad91-bacf-7cfc92451cc4
2019-10-29 01:07:48,view,100019,2003,appliances.kitchen,alpha,770.51,500028,a104bdce-fab6-ad91-bacf-7cfc92451cc4
2019-10-29 01:10:34,view,100028,2004,appliances.kitchen,zen,244.63,500028,a104bdce-fab6-ad91-bacf-7cfc92451cc4
2019-10-02 10:11:00,view,100008,2000,home.furniture,zen,202.29,500060,318cd979-fab0-a15d-4a5d-6ceab565f64e
2019-10-30 08:19:00,view,100027,2003,electronics.smartphone,nova,740.51,500031,ccb03fc5-3513-a238-d91b-1a04bccaba38
2019-10-30 08:19:59,cart,100027,2003,electronics.smartphone,nova,740.51,500031,ccb03fc5-3513-a238-d91b-1a04bccaba38
2019-10-30 08:20:55,view,100003,2003,electronics.smartphone,,667.9,500031,ccb03fc5-3513-a238-d91b-1a04bccaba38
2019-10-30 08:21:17,cart,100003,2003,electronics.smartphone,,667.9,500031,ccb03fc5-3513-a238-d91b-1a04bccaba38
2019-10-30 08:23:31,purchase,100003,2003,electronics.smartphone,,667.9,500031,ccb03fc5-3513-a238-d91b-1a04bccaba38
2019-10-30 08:23:31,view,100022,2006,electronics.audio.headphone,,243.95,500031,ccb03fc5-3513-a238-d91b-1a04bccaba38
2019-10-30 08:23:37,cart,100022,2006,electronics.audio.headphone,,243.95,500031,ccb03fc5-3513-a238-d91b-1a04bccaba38
2019-10-30 08:25:07,purchase,100022,2006,electronics.audio.headphone,,243.95,500031,ccb03fc5-3513-a238-d91b-1a04bccaba38
2019-10-30 08:25:07,view,100023,2007,electronics.smartphone,prime,573.31,500031,ccb03fc5-3513-a238-d91b-1a04bccaba38
2019-10-30 08:27:37,view,100036,2004,electronics.audio.headphone,prime,446.7,500031,ccb03fc5-3513-a238-d91b-1a04bccaba38
2019-10-29 21:04:00,view,100031,2007,apparel.shoes,,415.67,500050,ec1a86d3-5683-0783-d575-9337549c9eb9
2019-10-29 21:06:02,view,100003,2003,electronics.smartphone,,667.9,500050,ec1a86d3-5683-0783-d575-9337549c9eb9
2019-10-29 21:08:24,view,100009,2001,home.furniture,orbit,729.44,500050,ec1a86d3-5683-0783-d575-9337549c9eb9
2019-10-29 21:10:27,view,100010,2002,electronics.smartphone,nova,629.83,500050,ec1a86d3-5683-0783-d575-9337549c9eb9
2019-10-10 19:28:00,view,100036,2004,electronics.audio.headphone,prime,446.7,500015,90a014ab-4ca1-cabd-8565-0e0bd5c97d5d
2019-10-10 19:30:32,view,100035,2003,apparel.shoes,orbit,201.29,500015,90a014ab-4ca1-cabd-8565-0e0bd5c97d5d
2019-10-10 19:32:07,cart,100035,2003,apparel.shoes,orbit,201.29,500015,90a014ab-4ca1-cabd-8565-0e0bd5c97d5d
2019-10-10 19:32:50,purchase,100035,2003,apparel.shoes,orbit,201.29,500015,90a014ab-4ca1-cabd-8565-0e0bd5c97d5d
2019-10-10 19:32:50,view,100002,2002,electronics.audio.headphone,nova,129.89,500015,90a014ab-4ca1-cabd-8565-0e0bd5c97d5d
2019-10-10 19:33:02,cart,100002,2002,electronics.audio.headphone,nova,129.89,500015,90a014ab-4ca1-cabd-8565-0e0bd5c97d5d
2019-10-15 15:31:00,view,100020,2004,electronics.smartphone,zen,253.79,500147,985e7e89-2ff8-107a-63ba-9d869b0e70ad
2019-10-15 15:31:13,cart,100020,2004,electronics.smartphone,zen,253.79,500147,985e7e89-2ff8-107a-63ba-9d869b0e70ad
2019-10-15 15:31:40,purchase,100020,2004,electronics.smartphone,zen,253.79,500147,985e7e89-2ff8-107a-63ba-9d869b0e70ad
2019-10-09 07:09:00,view,100014,2006,home.furniture,orbit,727.38,500061,f362d408-d457-5305-73b0-220d5f2019ea
2019-10-09 07:09:33,cart,100014,2006,home.furniture,orbit,727.38,500061,f362d408-d457-5305-73b0-220d5f2019ea
2019-10-09 07:09:47,view,100034,2002,home.furniture,zen,808.55,500061,f362d408-d457-5305-73b0-220d5f2019ea
2019-10-09 07:11:45,view,100020,2004,electronics.smartphone,zen,253.79,500061,f362d408-d457-5305-73b0-220d5f2019ea
2019-10-07 08:57:00,view,100020,2004,electronics.smartphone,zen,253.79,500040,7bc4d138-ec73-7598-5711-d5fd30b1b67b
2019-10-07 08:57:57,view,100021,2005,appliances.kitchen,nova,336.31,500040,7bc4d138-ec73-7598-5711-d5fd30b1b67b
2019-10-07 08:59:59,cart,100021,2005,appliances.kitchen,nova,336.31,500040,7bc4d138-ec73-7598-5711-d5fd30b1b67b
2019-10-07 09:02:17,purchase,100021,2005,appliances.kitchen,nova,336.31,500040,7bc4d138-ec73-7598-5711-d5fd30b1b67b
2019-10-07 09:02:17,view,100010,2002,electronics.smartphone,nova,629.83,500040,7bc4d138-ec73-7598-5711-d5fd30b1b67b
2019-10-07 09:03:41,view,100007,2007,home.furniture,nova,645.84,500040,7bc4d138-ec73-7598-5711-d5fd30b1b67b
2019-10-07 09:06:41,view,100034,2002,home.furniture,zen,808.55,500040,7bc4d138-ec73-7598-5711-d5fd30b1b67b
2019-10-07 09:07:08,cart,100034,2002,home.furniture,zen,808.55,500040,7bc4d138-ec73-7598-5711-d5fd30b1b67b
2019-10-07 09:07:24,purchase,100034,2002,home.furniture,zen,808.55,500040,7bc4d138-ec73-7598-5711-d5fd30b1b67b
2019-10-10 02:18:00,view,100014,2006,home.furniture,orbit,727.38,500169,93daf60d-05c1-4422-4ffe-bdfdbedcacb7
2019-10-10 02:19:18,cart,100014,2006,home.furniture,orbit,727.38,500169,93daf60d-05c1-4422-4ffe-bdfdbedcacb7
2019-10-10 02:20:44,view,100021,2005,appliances.kitchen,nova,336.31,500169,93daf60d-05c1-4422-4ffe-bdfdbedcacb7
2019-10-10 02:21:58,cart,100021,2005,appliances.kitchen,nova,336.31,500169,93daf60d-05c1-4422-4ffe-bdfdbedcacb7
2019-10-10 02:23:13,purchase,100021,2005,appliances.kitchen,nova,336.31,500169,93daf60d-05c1-4422-4ffe-bdfdbedcacb7
2019-10-10 02:23:13,view,100013,2005,electronics.smartphone,orbit,763.51,500169,93daf60d-05c1-4422-4ffe-bdfdbedcacb7
2019-10-27 11:03:00,view,100018,2002,electronics.smartphone,alpha,596.83,500027,8ca33a54-59ae-7302-8ae3-297e34e24142
2019-10-27 11:04:07,cart,100018,2002,electronics.smartphone,alpha,596.83,500027,8ca33a54-59ae-7302-8ae3-297e34e24142
2019-10-27 11:05:31,view,100010,2002,electronics.smartphone,nova,629.83,500027,8ca33a54-59ae-7302-8ae3-297e34e24142
2019-10-27 11:07:29,cart,100010,2002,electronics.smartphone,nova,629.83,500027,8ca33a54-59ae-7302-8ae3-297e34e24142
2019-10-27 11:07:41,purchase,100010,2002,electronics.smartphone,nova,629.83,500027,8ca33a54-59ae-7302-8ae3-297e34e24142
2019-10-27 11:07:41,view,100019,2003,appliances.kitchen,alpha,770.51,500027,8ca33a54-59ae-7302-8ae3-297e34e24142
2019-10-27 11:10:38,cart,100019,2003,appliances.kitchen,alpha,770.51,500027,8ca33a54-59ae-7302-8ae3-297e34e24142
2019-10-27 11:12:21,purchase,100019,2003,appliances.kitchen,alpha,770.51,500027,8ca33a54-59ae-7302-8ae3-297e34e24142
2019-10-10 08:25:00,view,100029,2005,electronics.audio.headphone,prime,789.35,500110,989b68c0-b465-c027-2dd1-d45b6454a82a
2019-10-10 08:27:56,view,100040,2000,apparel.shoes,prime,230.02,500110,989b68c0-b465-c027-2dd1-d45b6454a82a
2019-10-10 08:28:21,view,100023,2007,electronics.smartphone,prime,573.31,500110,989b68c0-b465-c027-2dd1-d45b6454a82a
2019-10-10 08:30:25,view,100020,2004,electronics.smartphone,zen,253.79,500110,989b68c0-b465-c027-2dd1-d45b6454a82a
2019-10-10 08:30:53,view,100022,2006,electronics.audio.headphone,,243.95,500110,989b68c0-b465-c027-2dd1-d45b6454a82a
2019-10-10 08:32:57,cart,100022,2006,electronics.audio.headphone,,243.95,500110,989b68c0-b465-c027-2dd1-d45b6454a82a
2019-10-17 20:59:00,view,100040,2000,apparel.shoes,prime,230.02,500120,394a97fd-f28b-f846-3b50-4fda7875b1c7
2019-10-17 21:00:45,cart,100040,2000,apparel.shoes,prime,230.02,500120,394a97fd-f28b-f846-3b50-4fda7875b1c7
2019-10-17 21:03:40,purchase,100040,2000,apparel.shoes,prime,230.02,500120,394a97fd-f28b-f846-3b50-4fda7875b1c7
2019-10-17 21:03:40,view,100017,2001,home.furniture,orbit,521.73,500120,394a97fd-f28b-f846-3b50-4fda7875b1c7
2019-10-17 21:05:08,cart,100017,2001,home.furniture,orbit,521.73,500120,394a97fd-f28b-f846-3b50-4fda7875b1c7
2019-10-17 21:05:20,purchase,100017,2001,home.furniture,orbit,521.73,500120,394a97fd-f28b-f846-3b50-4fda7875b1c7
2019-10-28 20:12:00,view,100019,2003,appliances.kitchen,alpha,770.51,500029,d8842354-7613-ef44-7a88-f16259f8068e
2019-10-28 20:14:32,cart,100019,2003,appliances.kitchen,alpha,770.51,500029,d8842354-7613-ef44-7a88-f16259f8068e
2019-10-28 20:15:03,purchase,100019,2003,appliances.kitchen,alpha,770.51,500029,d8842354-7613-ef44-7a88-f16259f8068e
2019-10-28 20:15:03,view,100023,2007,electronics.smartphone,prime,573.31,500029,d8842354-7613-ef44-7a88-f16259f8068e
2019-10-28 20:15:35,cart,100023,2007,electronics.smartphone,prime,573.31,500029,d8842354-7613-ef44-7a88-f16259f8068e
2019-10-28 20:18:26,purchase,100023,2007,electronics.smartphone,prime,573.31,500029,d8842354-7613-ef44-7a88-f16259f8068e
2019-10-23 06:52:00,view,100016,2000,apparel.shoes,alpha,499.08,500078,972d5d57-669b-e896-7602-72ba8862036f
2019-10-23 06:53:43,cart,100016,2000,apparel.shoes,alpha,499.08,500078,972d5d57-669b-e896-7602-72ba8862036f
2019-10-23 06:54:41,view,100040,2000,apparel.shoes,prime,230.02,500078,972d5d57-669b-e896-7602-72ba8862036f
2019-10-23 06:56:37,view,100036,2004,electronics.audio.headphone,prime,446.7,500078,972d5d57-669b-e896-7602-72ba8862036f
2019-10-23 06:58:09,view,100011,2003,appliances.kitchen,orbit,144.15,500078,972d5d57-669b-e896-7602-72ba8862036f
2019-10-23 06:59:14,cart,100011,2003,appliances.kitchen,orbit,144.15,500078,972d5d57-669b-e896-7602-72ba8862036f
2019-10-23 07:02:10,purchase,100011,2003,appliances.kitchen,orbit,144.15,500078,972d5d57-669b-e896-7602-72ba8862036f
2019-10-09 08:25:00,view,100030,2006,appliances.kitchen,nova,591.62,500147,979800c3-1d44-4351-7c93-cdc3d635212d
2019-10-09 08:26:23,view,100021,2005,appliances.kitchen,nova,336.31,500147,979800c3-1d44-4351-7c93-cdc3d635212d
2019-10-09 08:26:45,view,100036,2004,electronics.audio.headphone,prime,446.7,500147,979800c3-1d44-4351-7c93-cdc3d635212d
2019-10-09 08:29:45,view,100007,2007,home.furniture,nova,645.84,500147,979800c3-1d44-4351-7c93-cdc3d635212d
2019-10-09 08:31:27,cart,100007,2007,home.furniture,nova,645.84,500147,979800c3-1d44-4351-7c93-cdc3d635212d
2019-10-09 08:34:17,remove_from_cart,100007,2007,home.furniture,nova,645.84,500147,979800c3-1d44-4351-7c93-cdc3d635212d
2019-10-09 08:34:17,view,100029,2005,electronics.audio.headphone,prime,789.35,500147,979800c3-1d44-4351-7c93-cdc3d635212d
2019-10-14 14:23:00,view,100029,2005,electronics.audio.headphone,prime,789.35,500163,258fcafc-c1cf-d878-000c-14a5cf51a203
2019-10-14 14:24:44,view,100035,2003,apparel.shoes,orbit,201.29,500163,258fcafc-c1cf-d878-000c-14a5cf51a203
2019-10-14 14:26:43,cart,100035,2003,apparel.shoes,orbit,201.29,500163,258fcafc-c1cf-d878-000c-14a5cf51a203
2019-10-29 03:54:00,view,100023,2007,electronics.smartphone,prime,573.31,500174,efca07ae-f17e-4a71-eb22-ec1d4df6ff4f
2019-10-29 03:56:15,cart,100023,2007,electronics.smartphone,prime,573.31,500174,efca07ae-f17e-4a71-eb22-ec1d4df6ff4f
2019-10-29 03:56:52,remove_from_cart,100023,2007,electronics.smartphone,prime,573.31,500174,efca07ae-f17e-4a71-eb22-ec1d4df6ff4f
2019-10-29 03:56:52,view,100006,2006,electronics.audio.headphone,prime,543.81,500174,efca07ae-f17e-4a71-eb22-ec1d4df6ff4f
2019-10-29 03:59:17,view,100038,2006,electronics.audio.headphone,,382.83,500174,efca07ae-f17e-4a71-eb22-ec1d4df6ff4f
2019-10-29 03:59:22,view,100001,2001,electronics.smartphone,alpha,668.69,500174,efca07ae-f17e-4a71-eb22-ec1d4df6ff4f
2019-10-29 04:00:58,cart,100001,2001,electronics.smartphone,alpha,668.69,500174,efca07ae-f17e-4a71-eb22-ec1d4df6ff4f
2019-10-10 22:42:00,view,100026,2002,home.furniture,nova,617.73,500180,5170ca8a-a00e-0b60-64ee-c4c19714fadc
2019-10-10 22:44:54,cart,100026,2002,home.furniture,nova,617.73,500180,5170ca8a-a00e-0b60-64ee-c4c19714fadc
2019-10-10 22:45:34,purchase,100026,2002,home.furniture,nova,617.73,500180,5170ca8a-a00e-0b60-64ee-c4c19714fadc
2019-10-10 22:45:34,view,100025,2001,apparel.shoes,zen,246.6,500180,5170ca8a-a00e-0b60-64ee-c4c19714fadc
2019-10-10 22:47:17,view,100028,2004,appliances.kitchen,zen,244.63,500180,5170ca8a-a00e-0b60-64ee-c4c19714fadc
2019-10-10 22:48:54,view,100035,2003,apparel.shoes,orbit,201.29,500180,5170ca8a-a00e-0b60-64ee-c4c19714fadc
2019-10-10 22:49:38,cart,100035,2003,apparel.shoes,orbit,201.29,500180,5170ca8a-a00e-0b60-64ee-c4c19714fadc
2019-10-10 22:52:34,purchase,100035,2003,apparel.shoes,orbit,201.29,500180,5170ca8a-a00e-0b60-64ee-c4c19714fadc
2019-10-22 02:06:00,view,100028,2004,appliances.kitchen,zen,244.63,500003,24dcea07-0405-6d2b-a5fc-d671125df206
2019-10-22 02:08:39,view,100009,2001,home.furniture,orbit,729.44,500003,24dcea07-0405-6d2b-a5fc-d671125df206
2019-10-22 02:11:23,cart,100009,2001,home.furniture,orbit,729.44,500003,24dcea07-0405-6d2b-a5fc-d671125df206
2019-10-22 02:13:38,purchase,100009,2001,home.furniture,orbit,729.44,500003,24dcea07-0405-6d2b-a5fc-d671125df206
2019-10-22 02:13:38,view,100006,2006,electronics.audio.headphone,prime,543.81,500003,24dcea07-0405-6d2b-a5fc-d671125df206
2019-10-22 02:15:38,cart,100006,2006,electronics.audio.headphone,prime,543.81,500003,24dcea07-0405-6d2b-a5fc-d671125df206
2019-10-22 02:16:40,purchase,100006,2006,electronics.audio.headphone,prime,543.81,500003,24dcea07-0405-6d2b-a5fc-d671125df206
2019-10-22 02:16:40,view,100027,2003,electronics.smartphone,nova,740.51,500003,24dcea07-0405-6d2b-a5fc-d671125df206
2019-10-22 02:19:19,cart,100027,2003,electronics.smartphone,nova,740.51,500003,24dcea07-0405-6d2b-a5fc-d671125df206
2019-10-27 17:48:00,view,100024,2000,home.furniture,,224.11,500129,8bd18d4b-ed33-53fc-692c-aaae44ed98e2
2019-10-27 17:50:08,view,100003,2003,electronics.smartphone,,667.9,500129,8bd18d4b-ed33-53fc-692c-aaae44ed98e2
2019-10-27 17:50:33,cart,100003,2003,electronics.smartphone,,667.9,500129,8bd18d4b-ed33-53fc-692c-aaae44ed98e2
2019-10-27 17:52:52,view,100037,2005,electronics.smartphone,alpha,141.79,500129,8bd18d4b-ed33-53fc-692c-aaae44ed98e2
2019-10-27 17:54:08,cart,100037,2005,electronics.smartphone,alpha,141.79,500129,8bd18d4b-ed33-53fc-692c-aaae44ed98e2
2019-10-27 17:54:33,purchase,100037,2005,electronics.smartphone,alpha,141.79,500129,8bd18d4b-ed33-53fc-692c-aaae44ed98e2
2019-10-27 17:54:33,view,100031,2007,apparel.shoes,,415.67,500129,8bd18d4b-ed33-53fc-692c-aaae44ed98e2
2019-10-27 17:57:14,cart,100031,2007,apparel.shoes,,415.67,500129,8bd18d4b-ed33-53fc-692c-aaae44ed98e2
2019-10-27 17:59:19,view,100008,2000,home.furniture,zen,202.29,500129,8bd18d4b-ed33-53fc-692c-aaae44ed98e2
2019-10-27 18:02:15,cart,100008,2000,home.furniture,zen,202.29,500129,8bd18d4b-ed33-53fc-692c-aaae44ed98e2
2019-10-27 18:05:02,purchase,100008,2000,home.furniture,zen,202.29,500129,8bd18d4b-ed33-53fc-692c-aaae44ed98e2
2019-10-21 23:55:00,view,100035,2003,apparel.shoes,orbit,201.29,500149,e7515d4b-0d82-9d52-9cf0-21b84ffffb59
2019-10-21 23:57:16,view,100001,2001,electronics.smartphone,alpha,668.69,500149,e7515d4b-0d82-9d52-9cf0-21b84ffffb59
2019-10-21 23:59:47,view,100031,2007,apparel.shoes,,415.67,500149,e7515d4b-0d82-9d52-9cf0-21b84ffffb59
2019-10-22 00:01:39,cart,100031,2007,apparel.shoes,,415.67,500149,e7515d4b-0d82-9d52-9cf0-21b84ffffb59
2019-10-22 00:02:59,purchase,100031,2007,apparel.shoes,,415.67,500149,e7515d4b-0d82-9d52-9cf0-21b84ffffb59
2019-10-29 23:21:00,view,100037,2005,electronics.smartphone,alpha,141.79,500010,bfda55c9-98fe-b4f3-ec40-d95ab1eedf64
2019-10-29 23:23:06,view,100017,2001,home.furniture,orbit,521.73,500010,bfda55c9-98fe-b4f3-ec40-d95ab1eedf64
2019-10-29 23:25:37,cart,100017,2001,home.furniture,orbit,521.73,500010,bfda55c9-98fe-b4f3-ec40-d95ab1eedf64
2019-10-29 23:26:56,view,100004,2004,home.furniture,alpha,533.49,500010,bfda55c9-98fe-b4f3-ec40-d95ab1eedf64
2019-10-13 11:26:00,view,100035,2003,apparel.shoes,orbit,201.29,500142,ae270da7-02f0-6b90-f143-262fdc5c0eed
2019-10-02 08:00:00,click,999999,1,unknown,x,10.0,500001,537de36e-09b8-4586-a9c8-f8abcc5b2c56
2019-10-03 08:00:00,view,999998,1,unknown,x,-3.0,500002,28ef7952-4559-43cc-8f43-afbf919ef1a3
2019-10-04 08:00:00,view,999997,1,unknown,x,15.0,500003,
